,Day,Month,Year,DAP,Stage,WC(1.20)a,Raina,Irri,Surf,Infilt,RO,Drain,CR,Zgwta,Ex,E,E/Ex,Trxa,Tra,Tr/Trx,ETx,ET,ET/ETx,GD,Za,StExp,StSto,StSen,StSalta,StWeed,CC,CCw,StTr,Kc(Tr),Trxb,Trb,TrW,Tr/Trxb,WP,Biomass,HI,Y(dry),Y(fresh),Brelative,WPet,Bin,Bout,WC(1.20)b,Wr(0.40),Zb,Wr,Wr(SAT),Wr(FC),Wr(exp),Wr(sto),Wr(sen),Wr(PWP),SaltIn,SaltOut,SaltUp,Salt(1.20),SaltZ,Zc,ECe,ECsw,StSaltb,Zgwtb,ECgw,WC01,WC 2,WC 3,WC 4,WC 5,WC 6,WC 7,WC 8,WC 9,WC10,WC11,WC12,ECe01,ECe 2,ECe 3,ECe 4,ECe 5,ECe 6,ECe 7,ECe 8,ECe 9,ECe10,ECe11,ECe12,Rainb,ETo,Tmin,Tavg,Tmax,CO2
0,14,6,2007,1,1,448.2,0.2,0.0,0.0,0.2,0.0,0.0,0.0,-9.9,2.2,2.0,92,0.0,0.0,100,2.2,2.0,92,12.8,0.3,-9,-9,-9,0,-9,0.0,0.0,0,-9.0,0.0,0.0,0.0,100,0.0,0.0,-9.9,0.0,0.0,-9,0.0,0.0,0.0,448.2,448.2,0.3,88.2,150.0,90.0,78.0,49.2,48.0,30.0,0.0,0.0,0.0,0.0,0.0,0.3,0.0,0.0,0,-9.9,-9.0,28.2,30.0,30.0,30.0,30.0,30.0,30.0,30.0,30.0,30.0,30.0,30.0,0.0,0.0,0.0,0.0,0.0,0.0,0.0,0.0,0.0,0.0,0.0,0.0,0.2,2.0,8.1,14.8,21.5,384.02
1,15,6,2007,2,1,448.2,1.0,0.0,0.0,1.0,0.0,0.0,0.0,-9.9,1.0,1.0,100,0.0,0.0,100,1.0,1.0,100,11.5,0.3,-9,-9,-9,0,-9,0.0,0.0,0,-9.0,0.0,0.0,0.0,100,0.0,0.0,-9.9,0.0,0.0,-9,0.0,0.0,0.0,448.2,448.2,0.3,88.2,150.0,90.0,78.0,47.5,48.0,30.0,0.0,0.0,0.0,0.0,0.0,0.3,0.0,0.0,0,-9.9,-9.0,28.2,30.0,30.0,30.0,30.0,30.0,30.0,30.0,30.0,30.0,30.0,30.0,0.0,0.0,0.0,0.0,0.0,0.0,0.0,0.0,0.0,0.0,0.0,0.0,1.0,0.9,9.8,13.5,17.2,384.02
2,16,6,2007,3,1,448.8,2.2,0.0,0.0,2.2,0.0,0.0,0.0,-9.9,1.6,1.6,100,0.0,0.0,100,1.6,1.6,100,11.1,0.3,-9,-9,-9,0,-9,0.0,0.0,0,-9.0,0.0,0.0,0.0,100,0.0,0.0,-9.9,0.0,0.0,-9,0.0,0.0,0.0,448.8,448.8,0.3,88.8,150.0,90.0,78.0,48.3,48.0,30.0,0.0,0.0,0.0,0.0,0.0,0.3,0.0,0.0,0,-9.9,-9.0,28.8,30.0,30.0,30.0,30.0,30.0,30.0,30.0,30.0,30.0,30.0,30.0,0.0,0.0,0.0,0.0,0.0,0.0,0.0,0.0,0.0,0.0,0.0,0.0,2.2,1.4,10.0,13.1,16.2,384.02
3,17,6,2007,4,1,445.6,0.0,0.0,0.0,0.0,0.0,0.0,0.0,-9.9,3.6,3.2,90,0.0,0.0,100,3.6,3.2,90,12.8,0.3,-9,-9,-9,0,-9,0.0,0.0,0,-9.0,0.0,0.0,0.0,100,0.0,0.0,-9.9,0.0,0.0,-9,0.0,0.0,0.0,445.6,445.6,0.3,85.6,150.0,90.0,78.0,51.2,48.0,30.0,0.0,0.0,0.0,0.0,0.0,0.3,0.0,0.0,0,-9.9,-9.0,25.6,30.0,30.0,30.0,30.0,30.0,30.0,30.0,30.0,30.0,30.0,30.0,0.0,0.0,0.0,0.0,0.0,0.0,0.0,0.0,0.0,0.0,0.0,0.0,0.0,3.2,9.3,14.8,20.4,384.02
4,18,6,2007,5,1,442.9,0.0,0.0,0.0,0.0,0.0,0.0,0.0,-9.9,4.1,2.7,65,0.0,0.0,100,4.1,2.7,65,12.3,0.3,-9,-9,-9,0,-9,0.0,0.0,0,-9.0,0.0,0.0,0.0,100,0.0,0.0,-9.9,0.0,0.0,-9,0.0,0.0,0.0,442.9,442.9,0.3,82.9,150.0,90.0,78.0,52.0,48.0,30.0,0.0,0.0,0.0,0.0,0.0,0.3,0.0,0.0,0,-9.9,-9.0,22.9,30.0,30.0,30.0,30.0,30.0,30.0,30.0,30.0,30.0,30.0,30.0,0.0,0.0,0.0,0.0,0.0,0.0,0.0,0.0,0.0,0.0,0.0,0.0,0.0,3.7,8.2,14.3,20.4,384.02
5,19,6,2007,6,1,448.0,7.4,0.0,0.0,7.4,0.0,0.0,0.0,-9.9,2.3,2.3,100,0.0,0.0,100,2.3,2.3,100,11.8,0.3,-9,-9,-9,0,-9,0.0,0.0,0,-9.0,0.0,0.0,0.0,100,0.0,0.0,-9.9,0.0,0.0,-9,0.0,0.0,0.0,448.0,448.0,0.3,88.0,150.0,90.0,78.0,49.4,48.0,30.0,0.0,0.0,0.0,0.0,0.0,0.3,0.0,0.0,0,-9.9,-9.0,28.0,30.0,30.0,30.0,30.0,30.0,30.0,30.0,30.0,30.0,30.0,30.0,0.0,0.0,0.0,0.0,0.0,0.0,0.0,0.0,0.0,0.0,0.0,0.0,7.4,2.1,8.1,13.8,19.5,384.02
6,20,6,2007,7,1,446.7,0.2,0.0,0.0,0.2,0.0,0.0,0.0,-9.9,1.6,1.5,94,0.0,0.0,100,1.6,1.5,94,12.4,0.3,-9,-9,-9,0,-9,0.0,0.0,0,-9.0,0.0,0.0,0.0,100,0.0,0.0,-9.9,0.0,0.0,-9,0.0,0.0,0.0,446.7,446.7,0.3,86.7,150.0,90.0,78.0,48.3,48.0,30.0,0.0,0.0,0.0,0.0,0.0,0.3,0.0,0.0,0,-9.9,-9.0,26.7,30.0,30.0,30.0,30.0,30.0,30.0,30.0,30.0,30.0,30.0,30.0,0.0,0.0,0.0,0.0,0.0,0.0,0.0,0.0,0.0,0.0,0.0,0.0,0.2,1.4,9.7,14.4,19.2,384.02
7,21,6,2007,8,1,445.4,0.0,0.0,0.0,0.0,0.0,0.0,0.0,-9.9,1.7,1.3,80,0.0,0.0,100,1.7,1.3,80,11.7,0.3,-9,-9,-9,0,-9,0.0,0.0,0,-9.0,0.0,0.0,0.0,100,0.0,0.0,-9.9,0.0,0.0,-9,0.0,0.0,0.0,445.4,445.4,0.3,85.4,150.0,90.0,78.0,48.4,48.0,30.0,0.0,0.0,0.0,0.0,0.0,0.3,0.0,0.0,0,-9.9,-9.0,25.4,30.0,30.0,30.0,30.0,30.0,30.0,30.0,30.0,30.0,30.0,30.0,0.0,0.0,0.0,0.0,0.0,0.0,0.0,0.0,0.0,0.0,0.0,0.0,0.0,1.5,9.0,13.7,18.4,384.02
8,22,6,2007,9,1,443.7,0.0,0.0,0.0,0.0,0.0,0.0,0.0,-9.9,2.4,1.6,67,0.0,0.0,100,2.4,1.6,67,10.1,0.3,-9,-9,-9,0,-9,0.0,0.0,0,-9.0,0.0,0.0,0.0,100,0.0,0.0,-9.9,0.0,0.0,-9,0.0,0.0,0.0,443.7,443.7,0.3,83.7,150.0,90.0,78.0,49.5,48.0,30.0,0.0,0.0,0.0,0.0,0.0,0.3,0.0,0.0,0,-9.9,-9.0,23.7,30.0,30.0,30.0,30.0,30.0,30.0,30.0,30.0,30.0,30.0,30.0,0.0,0.0,0.0,0.0,0.0,0.0,0.0,0.0,0.0,0.0,0.0,0.0,0.0,2.2,9.6,12.1,14.6,384.02
9,23,6,2007,10,1,441.8,0.0,0.0,0.0,0.0,0.0,0.0,0.0,-9.9,3.5,1.9,55,0.0,0.0,100,3.5,1.9,55,12.1,0.3,-9,-9,-9,0,-9,0.0,0.0,0,-9.0,0.0,0.0,0.0,100,0.0,0.0,-9.9,0.0,0.0,-9,0.0,0.0,0.0,441.8,441.8,0.3,82.5,151.0,90.6,78.5,51.4,48.3,30.2,0.0,0.0,0.0,0.0,0.0,0.3,0.0,0.0,0,-9.9,-9.0,21.8,30.0,30.0,30.0,30.0,30.0,30.0,30.0,30.0,30.0,30.0,30.0,0.0,0.0,0.0,0.0,0.0,0.0,0.0,0.0,0.0,0.0,0.0,0.0,0.0,3.1,11.0,14.1,17.1,384.02
10,24,6,2007,11,1,440.4,0.0,0.0,0.0,0.0,0.0,0.0,0.0,-9.9,3.3,1.5,45,0.0,0.0,100,3.3,1.5,45,13.0,0.34,-9,-9,-9,0,-9,0.0,0.0,0,-9.0,0.0,0.0,0.0,100,0.0,0.0,-9.9,0.0,0.0,-9,0.0,0.0,0.0,440.4,440.4,0.34,92.6,170.5,102.3,88.6,57.7,54.5,34.1,0.0,0.0,0.0,0.0,0.0,0.34,0.0,0.0,0,-9.9,-9.0,20.4,30.0,30.0,30.0,30.0,30.0,30.0,30.0,30.0,30.0,30.0,30.0,0.0,0.0,0.0,0.0,0.0,0.0,0.0,0.0,0.0,0.0,0.0,0.0,0.0,3.0,8.5,15.0,21.5,384.02
11,25,6,2007,12,1,439.2,0.0,0.0,0.0,0.0,0.0,0.0,0.0,-9.9,2.9,1.1,39,0.0,0.0,100,2.9,1.1,39,13.0,0.37,-9,-9,-9,0,-9,0.0,0.0,0,-9.0,0.0,0.0,0.0,100,0.0,0.0,-9.9,0.0,0.0,-9,0.0,0.0,0.0,439.2,439.2,0.37,101.6,187.3,112.4,97.4,62.8,59.9,37.5,0.0,0.0,0.0,0.0,0.0,0.37,0.0,0.0,0,-9.9,-9.0,19.2,30.0,30.0,30.0,30.0,30.0,30.0,30.0,30.0,30.0,30.0,30.0,0.0,0.0,0.0,0.0,0.0,0.0,0.0,0.0,0.0,0.0,0.0,0.0,0.0,2.7,12.8,15.0,17.2,384.02
12,26,6,2007,13,1,438.0,0.0,0.0,0.0,0.0,0.0,0.0,0.0,-9.9,3.6,1.2,34,0.0,0.0,100,3.6,1.2,34,16.2,0.41,-9,-9,-9,0,-9,0.0,0.0,0,-9.0,0.0,0.0,0.0,100,0.0,0.0,-9.9,0.0,0.0,-9,0.0,0.0,0.0,438.0,438.0,0.41,111.8,206.3,123.8,107.3,70.4,66.0,41.3,0.0,0.0,0.0,0.0,0.0,0.41,0.0,0.0,0,-9.9,-9.0,18.0,30.0,30.0,30.0,30.0,30.0,30.0,30.0,30.0,30.0,30.0,30.0,0.0,0.0,0.0,0.0,0.0,0.0,0.0,0.0,0.0,0.0,0.0,0.0,0.0,3.2,13.6,18.2,22.9,384.02
13,27,6,2007,14,1,437.5,0.0,0.0,0.0,0.0,0.0,0.0,0.0,-9.9,1.7,0.5,30,0.0,0.0,100,1.7,0.5,30,12.8,0.44,-9,-9,-9,0,-9,0.0,0.0,0,-9.0,0.0,0.0,0.0,100,0.0,0.0,-9.9,0.0,0.0,-9,0.0,0.0,0.0,437.5,437.5,0.44,119.5,219.9,132.0,114.4,71.2,70.4,44.0,0.0,0.0,0.0,0.0,0.0,0.44,0.0,0.0,0,-9.9,-9.0,17.5,30.0,30.0,30.0,30.0,30.0,30.0,30.0,30.0,30.0,30.0,30.0,0.0,0.0,0.0,0.0,0.0,0.0,0.0,0.0,0.0,0.0,0.0,0.0,0.0,1.6,12.0,14.8,17.5,384.02
14,28,6,2007,15,1,436.6,0.0,0.0,0.0,0.0,0.0,0.0,0.0,-9.9,3.1,0.9,28,0.0,0.0,100,3.1,0.9,28,11.8,0.46,-9,-9,-9,0,-9,0.0,0.0,0,-9.0,0.0,0.0,0.0,100,0.0,0.0,-9.9,0.0,0.0,-9,0.0,0.0,0.0,436.6,436.6,0.46,125.8,231.9,139.1,120.6,78.2,74.2,46.4,0.0,0.0,0.0,0.0,0.0,0.46,0.0,0.0,0,-9.9,-9.0,16.6,30.0,30.0,30.0,30.0,30.0,30.0,30.0,30.0,30.0,30.0,30.0,0.0,0.0,0.0,0.0,0.0,0.0,0.0,0.0,0.0,0.0,0.0,0.0,0.0,2.8,10.6,13.8,17.0,384.02
15,29,6,2007,16,1,435.8,0.0,0.0,0.0,0.0,0.0,0.0,0.0,-9.9,3.5,0.9,25,0.0,0.0,100,3.5,0.9,25,12.0,0.49,-9,-9,-9,0,-9,0.0,0.0,0,-9.0,0.0,0.0,0.0,100,0.0,0.0,-9.9,0.0,0.0,-9,0.0,0.0,0.0,435.8,435.8,0.49,131.9,243.5,146.1,126.6,82.9,77.9,48.7,0.0,0.0,0.0,0.0,0.0,0.49,0.0,0.0,0,-9.9,-9.0,15.8,30.0,30.0,30.0,30.0,30.0,30.0,30.0,30.0,30.0,30.0,30.0,0.0,0.0,0.0,0.0,0.0,0.0,0.0,0.0,0.0,0.0,0.0,0.0,0.0,3.2,10.1,14.0,17.9,384.02
16,30,6,2007,17,1,434.9,0.0,0.0,0.0,0.0,0.0,0.0,0.0,-9.9,3.6,0.8,23,0.0,0.0,100,3.6,0.9,24,10.0,0.51,-9,0,0,0,0,0.7,0.7,0,0.01,0.0,0.0,0.0,100,18.7,0.002,-9.9,0.0,0.0,100,0.0,0.0,0.0,434.9,434.9,0.51,136.7,252.9,151.7,125.2,86.5,77.0,50.6,0.0,0.0,0.0,0.0,0.0,0.51,0.0,0.0,0,-9.9,-9.0,14.9,30.0,30.0,30.0,30.0,30.0,30.0,30.0,30.0,30.0,30.0,30.0,0.0,0.0,0.0,0.0,0.0,0.0,0.0,0.0,0.0,0.0,0.0,0.0,0.0,3.3,7.7,12.0,16.4,384.02
17,1,7,2007,18,2,434.3,0.0,0.0,0.0,0.0,0.0,0.0,0.0,-9.9,2.6,0.5,21,0.0,0.0,100,2.7,0.6,22,10.6,0.52,-9,0,0,0,0,0.7,0.7,0,0.01,0.0,0.0,0.0,100,18.7,0.005,-9.9,0.0,0.0,96,0.0,0.0,0.0,434.3,434.3,0.52,141.8,262.4,157.5,126.6,87.3,77.8,52.5,0.0,0.0,0.0,0.0,0.0,0.52,0.0,0.0,0,-9.9,-9.0,14.3,30.0,30.0,30.0,30.0,30.0,30.0,30.0,30.0,30.0,30.0,30.0,0.0,0.0,0.0,0.0,0.0,0.0,0.0,0.0,0.0,0.0,0.0,0.0,0.0,2.4,8.3,12.6,16.8,384.02
18,2,7,2007,19,2,433.8,0.0,0.0,0.0,0.0,0.0,0.0,0.0,-9.9,2.6,0.5,19,0.0,0.0,100,2.6,0.5,21,11.2,0.54,0,0,0,0,0,0.9,0.9,0,0.02,0.0,0.0,0.0,100,18.7,0.008,-9.9,0.0,0.0,93,0.0,0.0,0.0,433.8,433.8,0.54,147.1,272.2,163.3,131.2,90.5,80.7,54.4,0.0,0.0,0.0,0.0,0.0,0.54,0.0,0.0,0,-9.9,-9.0,13.8,30.0,30.0,30.0,30.0,30.0,30.0,30.0,30.0,30.0,30.0,30.0,0.0,0.0,0.0,0.0,0.0,0.0,0.0,0.0,0.0,0.0,0.0,0.0,0.0,2.4,8.3,13.2,18.0,384.02
19,3,7,2007,20,2,433.3,0.0,0.0,0.0,0.0,0.0,0.0,0.0,-9.9,2.5,0.5,18,0.0,0.0,100,2.6,0.5,20,12.9,0.57,0,0,0,0,0,1.0,1.0,0,0.02,0.0,0.0,0.0,100,18.7,0.012,-9.9,0.0,0.0,92,0.0,0.0,0.0,433.3,433.3,0.57,153.2,283.2,169.9,136.3,94.0,83.8,56.6,0.0,0.0,0.0,0.0,0.0,0.57,0.0,0.0,0,-9.9,-9.0,13.3,30.0,30.0,30.0,30.0,30.0,30.0,30.0,30.0,30.0,30.0,30.0,0.0,0.0,0.0,0.0,0.0,0.0,0.0,0.0,0.0,0.0,0.0,0.0,0.0,2.4,9.5,14.9,20.4,384.02
20,4,7,2007,21,2,449.7,17.6,0.0,0.0,17.4,0.2,0.0,0.0,-9.9,1.0,1.0,100,0.0,0.0,100,1.0,1.0,100,11.8,0.59,0,0,0,0,0,1.3,1.3,0,0.02,0.0,0.0,0.0,100,18.7,0.016,-9.9,0.0,0.0,91,0.0,0.0,0.0,449.7,449.7,0.59,175.5,293.0,175.8,134.8,92.7,82.8,58.6,0.0,0.0,0.0,0.0,0.0,0.59,0.0,0.0,0,-9.9,-9.0,29.7,30.0,30.0,30.0,30.0,30.0,30.0,30.0,30.0,30.0,30.0,30.0,0.0,0.0,0.0,0.0,0.0,0.0,0.0,0.0,0.0,0.0,0.0,0.0,17.6,0.9,13.1,13.8,14.6,384.02
21,5,7,2007,22,2,454.2,5.2,0.0,0.0,5.1,0.1,0.0,0.0,-9.9,0.6,0.6,100,0.0,0.0,100,0.6,0.6,100,12.2,0.61,0,0,0,0,0,1.5,1.5,0,0.03,0.0,0.0,0.0,100,18.7,0.021,-9.9,0.0,0.0,90,0.0,0.0,0.0,454.2,454.2,0.61,185.9,302.8,181.7,137.7,94.7,84.6,60.6,0.0,0.0,0.0,0.0,0.0,0.61,0.0,0.0,0,-9.9,-9.0,34.2,30.0,30.0,30.0,30.0,30.0,30.0,30.0,30.0,30.0,30.0,30.0,0.0,0.0,0.0,0.0,0.0,0.0,0.0,0.0,0.0,0.0,0.0,0.0,5.2,0.5,11.7,14.2,16.8,384.02
22,6,7,2007,23,2,450.6,3.8,0.0,0.0,3.8,0.0,0.7,0.0,-9.9,6.8,6.5,95,0.2,0.2,100,7.1,6.7,95,13.2,0.63,0,0,0,0,0,1.9,1.9,0,0.04,0.2,0.2,0.2,100,18.7,0.028,-9.9,0.0,0.0,90,0.0,0.0,0.0,450.6,450.6,0.63,188.1,313.1,187.9,169.3,117.4,104.2,62.6,0.0,0.0,0.0,0.0,0.0,0.63,0.0,0.0,0,-9.9,-9.0,28.3,30.9,30.5,30.2,30.2,30.1,30.1,30.1,30.0,30.0,30.0,30.0,0.0,0.0,0.0,0.0,0.0,0.0,0.0,0.0,0.0,0.0,0.0,0.0,3.8,6.4,11.3,15.2,19.0,384.02
23,7,7,2007,24,2,450.1,2.2,0.0,0.0,2.2,0.0,1.0,0.0,-9.9,1.6,1.6,100,0.1,0.1,100,1.6,1.6,100,9.9,0.64,0,0,0,0,0,2.2,2.2,0,0.04,0.1,0.1,0.1,100,18.7,0.036,-9.9,0.0,0.0,90,0.0,0.0,0.0,450.1,450.1,0.64,192.1,320.6,192.4,150.3,103.5,92.4,64.1,0.0,0.0,0.0,0.0,0.0,0.64,0.0,0.0,0,-9.9,-9.0,28.9,30.3,30.1,30.1,30.1,30.1,30.1,30.1,30.1,30.0,30.0,30.0,0.0,0.0,0.0,0.0,0.0,0.0,0.0,0.0,0.0,0.0,0.0,0.0,2.2,1.5,8.8,11.9,14.9,384.02
24,8,7,2007,25,2,447.1,0.2,0.0,0.0,0.2,0.0,0.7,0.0,-9.9,2.7,2.4,91,0.1,0.1,100,2.8,2.5,91,12.0,0.66,0,0,0,0,0,2.7,2.7,0,0.05,0.1,0.1,0.1,100,18.7,0.045,-9.9,0.0,0.0,89,0.0,0.0,0.0,447.1,447.1,0.66,194.6,329.6,197.8,159.5,110.0,98.1,65.9,0.0,0.0,0.0,0.0,0.0,0.66,0.0,0.0,0,-9.9,-9.0,26.5,30.1,30.0,30.0,30.0,30.0,30.0,30.0,30.0,30.0,30.0,30.0,0.0,0.0,0.0,0.0,0.0,0.0,0.0,0.0,0.0,0.0,0.0,0.0,0.2,2.5,6.8,14.0,21.1,384.02
25,9,7,2007,26,2,445.6,0.0,0.0,0.0,0.0,0.0,0.3,0.0,-9.9,1.4,1.0,74,0.1,0.1,100,1.5,1.1,75,14.5,0.68,0,0,0,0,0,3.4,3.4,0,0.06,0.1,0.1,0.1,100,18.7,0.057,-9.9,0.0,0.0,89,0.0,0.0,0.0,445.6,445.6,0.68,199.7,340.3,204.2,158.7,109.3,97.6,68.1,0.0,0.0,0.0,0.0,0.0,0.68,0.0,0.0,0,-9.9,-9.0,25.4,30.0,30.0,30.0,30.0,30.0,30.0,30.0,30.0,30.0,30.0,30.0,0.0,0.0,0.0,0.0,0.0,0.0,0.0,0.0,0.0,0.0,0.0,0.0,0.0,1.3,12.6,16.5,20.4,384.02
26,10,7,2007,27,2,445.0,0.0,0.0,0.0,0.0,0.0,0.1,0.0,-9.9,0.7,0.5,67,0.1,0.1,100,0.8,0.5,69,15.4,0.7,0,0,0,0,0,4.4,4.4,0,0.08,0.1,0.1,0.1,100,18.7,0.072,-9.9,0.0,0.0,89,0.0,0.0,0.0,445.0,445.0,0.7,205.7,351.3,210.8,160.7,110.5,98.8,70.3,0.0,0.0,0.0,0.0,0.0,0.7,0.0,0.0,0,-9.9,-9.0,24.9,30.0,30.0,30.0,30.0,30.0,30.0,30.0,30.0,30.0,30.0,30.0,0.0,0.0,0.0,0.0,0.0,0.0,0.0,0.0,0.0,0.0,0.0,0.0,0.0,0.7,14.0,17.4,20.7,384.02
27,11,7,2007,28,2,455.5,11.8,0.0,0.0,11.3,0.5,0.0,0.0,-9.9,0.6,0.6,100,0.1,0.1,100,0.7,0.7,100,14.1,0.72,0,0,0,0,0,5.5,5.5,0,0.1,0.1,0.1,0.1,100,18.7,0.091,-9.9,0.0,0.0,89,0.0,0.0,0.0,455.5,455.5,0.72,222.3,361.3,216.8,164.7,113.2,101.2,72.3,0.0,0.0,0.0,0.0,0.0,0.72,0.0,0.0,0,-9.9,-9.0,35.5,30.0,30.0,30.0,30.0,30.0,30.0,30.0,30.0,30.0,30.0,30.0,0.0,0.0,0.0,0.0,0.0,0.0,0.0,0.0,0.0,0.0,0.0,0.0,11.8,0.6,12.7,16.1,19.6,384.02
28,12,7,2007,29,2,451.9,0.0,0.0,0.0,0.0,0.0,0.9,0.0,-9.9,2.4,2.4,100,0.3,0.3,100,2.7,2.7,100,15.8,0.74,0,0,0,0,0,7.2,7.2,0,0.13,0.3,0.3,0.3,100,18.7,0.115,-9.9,0.0,0.0,89,0.0,0.0,0.0,451.9,451.9,0.74,224.8,372.2,223.3,179.7,124.0,110.5,74.4,0.0,0.0,0.0,0.0,0.0,0.74,0.0,0.0,0,-9.9,-9.0,28.9,31.2,30.6,30.3,30.2,30.1,30.1,30.1,30.1,30.0,30.0,30.0,0.0,0.0,0.0,0.0,0.0,0.0,0.0,0.0,0.0,0.0,0.0,0.0,0.0,2.5,12.1,17.8,23.5,384.02
29,13,7,2007,30,2,448.4,0.0,0.0,0.0,0.0,0.0,1.3,0.0,-9.9,1.9,1.9,100,0.3,0.3,100,2.2,2.2,100,14.1,0.76,0,0,0,0,0,9.0,9.0,0,0.16,0.3,0.3,0.3,100,18.7,0.145,-9.9,0.0,0.0,89,0.0,0.0,0.0,448.4,448.4,0.76,226.9,381.7,229.0,181.6,125.2,111.7,76.3,0.0,0.0,0.0,0.0,0.0,0.76,0.0,0.0,0,-9.9,-9.0,26.7,30.4,30.2,30.2,30.2,30.1,30.1,30.1,30.1,30.1,30.1,30.0,0.0,0.0,0.0,0.0,0.0,0.0,0.0,0.0,0.0,0.0,0.0,0.0,0.0,2.0,12.6,16.1,19.5,384.02
30,14,7,2007,31,2,446.0,0.0,0.0,0.0,0.0,0.0,0.9,0.0,-9.9,1.2,1.2,100,0.3,0.3,100,1.4,1.4,100,15.2,0.78,0,0,0,0,0,11.5,11.5,0,0.2,0.3,0.3,0.3,100,18.7,0.183,-9.9,0.0,0.0,89,0.0,0.0,0.0,446.0,446.0,0.78,230.8,391.8,235.1,182.5,125.7,112.2,78.4,0.0,0.0,0.0,0.0,0.0,0.78,0.0,0.0,0,-9.9,-9.0,25.3,30.1,30.1,30.1,30.1,30.1,30.1,30.0,30.0,30.0,30.0,30.0,0.0,0.0,0.0,0.0,0.0,0.0,0.0,0.0,0.0,0.0,0.0,0.0,0.0,1.3,14.0,17.2,20.5,384.02
31,15,7,2007,32,2,443.7,0.0,0.0,0.0,0.0,0.0,0.5,0.0,-9.9,1.4,1.4,100,0.4,0.4,100,1.8,1.8,100,15.8,0.8,0,0,0,0,0,14.8,14.8,0,0.26,0.4,0.4,0.4,100,18.7,0.231,-9.9,0.0,0.0,89,0.0,0.0,0.0,443.7,443.7,0.8,234.9,402.1,241.3,189.5,130.5,116.5,80.4,0.0,0.0,0.0,0.0,0.0,0.8,0.0,0.0,0,-9.9,-9.0,23.5,30.0,30.0,30.0,30.0,30.0,30.0,30.0,30.0,30.0,30.0,30.0,0.0,0.0,0.0,0.0,0.0,0.0,0.0,0.0,0.0,0.0,0.0,0.0,0.0,1.7,14.0,17.8,21.5,384.02
32,16,7,2007,33,2,441.8,0.0,0.0,0.0,0.0,0.0,0.2,0.0,-9.9,1.3,1.3,100,0.5,0.5,100,1.8,1.8,100,14.7,0.82,0,0,0,0,0,18.8,18.8,0,0.32,0.5,0.5,0.5,100,18.7,0.29,-9.9,0.0,0.0,89,0.0,0.0,0.0,441.8,441.8,0.82,238.6,411.5,246.9,193.8,133.5,119.2,82.3,0.0,0.0,0.0,0.0,0.0,0.82,0.0,0.0,0,-9.9,-9.0,21.7,30.0,30.0,30.0,30.0,30.0,30.0,30.0,30.0,30.0,30.0,30.0,0.0,0.0,0.0,0.0,0.0,0.0,0.0,0.0,0.0,0.0,0.0,0.0,0.0,1.6,11.6,16.7,21.8,384.02
33,17,7,2007,34,2,441.8,1.0,0.0,0.0,1.0,0.0,0.1,0.0,-9.9,0.6,0.6,100,0.3,0.3,100,0.9,0.9,100,14.3,0.84,0,0,0,0,0,23.7,23.7,0,0.39,0.3,0.3,0.3,100,18.7,0.363,-9.9,0.0,0.0,90,0.0,0.0,0.0,441.8,441.8,0.84,244.1,420.6,252.3,193.1,132.8,118.6,84.1,0.0,0.0,0.0,0.0,0.0,0.84,0.0,0.0,0,-9.9,-9.0,21.8,30.0,30.0,30.0,30.0,30.0,30.0,30.0,30.0,30.0,30.0,30.0,0.0,0.0,0.0,0.0,0.0,0.0,0.0,0.0,0.0,0.0,0.0,0.0,1.0,0.8,12.1,16.3,20.5,384.02
34,18,7,2007,35,2,441.1,0.2,0.0,0.0,0.2,0.0,0.0,0.0,-9.9,0.5,0.5,99,0.4,0.4,100,0.8,0.8,99,16.0,0.86,0,0,0,0,0,30.6,30.6,0,0.48,0.4,0.4,0.4,100,18.7,0.453,-9.9,0.0,0.0,90,0.0,0.0,0.0,441.1,441.1,0.86,249.5,430.5,258.3,197.3,135.7,121.2,86.1,0.0,0.0,0.0,0.0,0.0,0.86,0.0,0.0,0,-9.9,-9.0,21.1,30.0,30.0,30.0,30.0,30.0,30.0,30.0,30.0,30.0,30.0,30.0,0.0,0.0,0.0,0.0,0.0,0.0,0.0,0.0,0.0,0.0,0.0,0.0,0.2,0.8,14.4,18.0,21.6,384.02
35,19,7,2007,36,2,440.9,0.4,0.0,0.0,0.4,0.0,0.0,0.0,-9.9,0.3,0.3,100,0.3,0.3,100,0.6,0.6,100,14.8,0.88,0,0,0,0,0,38.9,38.9,0,0.59,0.3,0.3,0.3,100,18.7,0.563,-9.9,0.0,0.0,90,0.0,0.0,0.0,440.9,440.9,0.88,254.7,439.6,263.8,200.3,137.7,123.1,87.9,0.0,0.0,0.0,0.0,0.0,0.88,0.0,0.0,0,-9.9,-9.0,20.9,30.0,30.0,30.0,30.0,30.0,30.0,30.0,30.0,30.0,30.0,30.0,0.0,0.0,0.0,0.0,0.0,0.0,0.0,0.0,0.0,0.0,0.0,0.0,0.4,0.6,14.9,16.8,18.7,384.02
36,20,7,2007,37,2,440.1,0.4,0.0,0.0,0.4,0.0,0.0,0.0,-9.9,0.4,0.4,100,0.8,0.8,100,1.2,1.2,100,14.4,0.9,0,0,0,0,0,48.9,48.9,0,0.7,0.8,0.8,0.8,100,18.7,0.693,-9.9,0.0,0.0,91,0.0,0.0,0.0,440.1,440.1,0.9,259.1,448.3,269.0,207.6,142.9,127.6,89.7,0.0,0.0,0.0,0.0,0.0,0.9,0.0,0.0,0,-9.9,-9.0,20.1,30.0,30.0,30.0,30.0,30.0,30.0,30.0,30.0,30.0,30.0,30.0,0.0,0.0,0.0,0.0,0.0,0.0,0.0,0.0,0.0,0.0,0.0,0.0,0.4,1.1,13.3,16.4,19.4,384.02
37,21,7,2007,38,2,437.9,0.0,0.0,0.0,0.0,0.0,0.0,0.0,-9.9,0.6,0.5,85,1.7,1.7,100,2.3,2.2,96,17.9,0.92,0,0,0,0,0,59.7,59.7,0,0.8,1.7,1.7,1.7,100,18.7,0.843,-9.9,0.0,0.0,92,0.0,0.0,0.0,437.9,437.9,0.92,263.3,459.1,275.4,219.2,151.1,134.8,91.8,0.0,0.0,0.0,0.0,0.0,0.92,0.0,0.0,0,-9.9,-9.0,17.9,30.0,30.0,30.0,30.0,30.0,30.0,30.0,30.0,30.0,30.0,30.0,0.0,0.0,0.0,0.0,0.0,0.0,0.0,0.0,0.0,0.0,0.0,0.0,0.0,2.1,13.9,20.4,26.9,384.02
38,22,7,2007,39,2,437.7,1.6,0.0,0.0,1.6,0.0,0.0,0.0,-9.9,0.4,0.4,100,1.5,1.5,100,1.8,1.8,100,17.7,0.94,0,0,0,0,0,67.7,67.7,0,0.88,1.5,1.5,1.5,100,18.7,1.007,-9.9,0.0,0.0,92,0.0,0.0,0.0,437.7,437.7,0.94,269.3,469.5,281.7,221.2,152.4,136.0,93.9,0.0,0.0,0.0,0.0,0.0,0.94,0.0,0.0,0,-9.9,-9.0,17.7,30.0,30.0,30.0,30.0,30.0,30.0,30.0,30.0,30.0,30.0,30.0,0.0,0.0,0.0,0.0,0.0,0.0,0.0,0.0,0.0,0.0,0.0,0.0,1.6,1.7,15.5,19.7,23.9,384.02
39,23,7,2007,40,2,436.5,0.0,0.0,0.0,0.0,0.0,0.0,0.0,-9.9,0.2,0.2,100,1.0,1.0,100,1.2,1.2,100,16.6,0.96,0,0,0,0,0,73.5,73.5,0,0.92,1.0,1.0,1.0,100,18.7,1.179,-9.9,0.0,0.0,93,0.0,0.0,0.0,436.5,436.5,0.96,274.0,479.1,287.5,221.6,152.5,136.2,95.8,0.0,0.0,0.0,0.0,0.0,0.96,0.0,0.0,0,-9.9,-9.0,16.5,30.0,30.0,30.0,30.0,30.0,30.0,30.0,30.0,30.0,30.0,30.0,0.0,0.0,0.0,0.0,0.0,0.0,0.0,0.0,0.0,0.0,0.0,0.0,0.0,1.1,14.0,18.6,23.3,384.02
40,24,7,2007,41,2,433.9,0.0,0.0,0.0,0.0,0.0,0.0,0.0,-9.9,0.3,0.3,100,2.2,2.2,100,2.6,2.6,100,16.2,0.98,0,0,0,0,0,77.7,77.7,0,0.96,2.2,2.2,2.2,100,18.7,1.357,-9.9,0.0,0.0,94,0.0,0.0,0.0,433.9,433.9,0.98,277.0,488.4,293.1,235.1,162.1,144.5,97.7,0.0,0.0,0.0,0.0,0.0,0.98,0.0,0.0,0,-9.9,-9.0,13.9,30.0,30.0,30.0,30.0,30.0,30.0,30.0,30.0,30.0,30.0,30.0,0.0,0.0,0.0,0.0,0.0,0.0,0.0,0.0,0.0,0.0,0.0,0.0,0.0,2.4,14.6,18.2,21.8,384.02
41,25,7,2007,42,2,430.0,0.0,0.0,0.0,0.0,0.0,0.0,0.0,-9.9,0.4,0.4,100,3.5,3.5,100,3.9,3.9,100,17.9,1.0,0,0,0,0,0,81.3,81.3,0,0.98,3.5,3.5,3.5,100,18.7,1.541,-9.9,0.0,0.0,94,0.0,0.0,0.0,430.0,430.0,1.0,279.1,498.6,299.1,248.8,171.9,153.1,99.7,0.0,0.0,0.0,0.0,0.0,1.0,0.0,0.0,0,-9.9,-9.0,10.0,30.0,30.0,30.0,30.0,30.0,30.0,30.0,30.0,30.0,30.0,30.0,0.0,0.0,0.0,0.0,0.0,0.0,0.0,0.0,0.0,0.0,0.0,0.0,0.0,3.6,14.4,19.9,25.4,384.02
42,26,7,2007,43,4,426.6,0.0,0.0,0.0,0.0,0.0,0.0,0.0,-9.9,0.3,0.3,100,3.1,3.1,100,3.4,3.4,100,16.9,1.02,0,0,0,0,0,83.9,83.9,0,1.0,3.1,3.1,3.1,100,18.7,1.729,-9.9,0.0,0.0,95,0.0,0.0,0.0,426.6,426.6,1.02,281.4,508.0,304.8,250.0,172.6,153.7,101.6,0.0,0.0,0.0,0.0,0.0,1.02,0.0,0.0,0,-9.9,-9.0,9.7,26.9,30.0,30.0,30.0,30.0,30.0,30.0,30.0,30.0,30.0,30.0,0.0,0.0,0.0,0.0,0.0,0.0,0.0,0.0,0.0,0.0,0.0,0.0,0.0,3.1,15.1,18.9,22.7,384.02
43,27,7,2007,44,4,425.4,0.0,0.0,0.0,0.0,0.0,0.0,0.0,-9.9,0.1,0.0,53,1.1,1.1,100,1.2,1.2,97,17.6,1.04,0,0,0,0,0,85.9,85.9,0,1.02,1.1,1.1,1.1,100,18.7,1.919,-9.9,0.0,0.0,95,0.0,0.0,0.0,425.4,425.4,1.04,286.1,517.7,310.6,239.8,165.0,147.4,103.5,0.0,0.0,0.0,0.0,0.0,1.04,0.0,0.0,0,-9.9,-9.0,9.7,25.8,30.0,30.0,30.0,30.0,30.0,30.0,30.0,30.0,30.0,30.0,0.0,0.0,0.0,0.0,0.0,0.0,0.0,0.0,0.0,0.0,0.0,0.0,0.0,1.1,15.7,19.6,23.5,384.02
44,28,7,2007,45,4,426.4,2.0,0.0,0.0,2.0,0.0,0.0,0.0,-9.9,0.1,0.1,100,1.0,1.0,100,1.1,1.1,100,17.0,1.05,0,0,0,0,0,87.3,87.3,0,1.03,1.0,1.0,1.0,100,18.7,2.111,1.4,0.03,0.151,96,0.04,0.0,0.0,426.4,426.4,1.05,292.6,527.0,316.2,242.9,167.1,149.3,105.4,0.0,0.0,0.0,0.0,0.0,1.05,0.0,0.0,0,-9.9,-9.0,10.6,25.8,30.0,30.0,30.0,30.0,30.0,30.0,30.0,30.0,30.0,30.0,0.0,0.0,0.0,0.0,0.0,0.0,0.0,0.0,0.0,0.0,0.0,0.0,2.0,1.0,17.0,19.0,21.0,384.02
45,29,7,2007,46,4,425.3,0.0,0.0,0.0,0.0,0.0,0.0,0.0,-9.9,0.1,0.1,100,1.0,1.0,100,1.0,1.0,100,17.9,1.07,0,0,0,0,0,88.5,88.5,0,1.04,1.0,1.0,1.0,100,18.7,2.304,1.7,0.039,0.195,96,0.05,0.0,0.0,425.3,425.3,1.07,297.3,536.6,322.0,247.3,170.1,152.0,107.3,0.0,0.0,0.0,0.0,0.0,1.07,0.0,0.0,0,-9.9,-9.0,9.6,25.8,30.0,30.0,30.0,30.0,30.0,30.0,30.0,30.0,30.0,30.0,0.0,0.0,0.0,0.0,0.0,0.0,0.0,0.0,0.0,0.0,0.0,0.0,0.0,0.9,16.2,19.9,23.5,384.02
46,30,7,2007,47,4,423.9,0.0,0.0,0.0,0.0,0.0,0.0,0.0,-9.9,0.1,0.1,100,1.4,1.4,100,1.4,1.4,100,17.6,1.09,0,0,0,0,0,89.4,89.4,0,1.04,1.4,1.4,1.4,100,18.7,2.499,2.0,0.05,0.249,96,0.07,0.0,0.0,423.9,423.9,1.09,301.5,546.1,327.6,254.6,175.3,156.5,109.2,0.0,0.0,0.0,0.0,0.0,1.09,0.0,0.0,0,-9.9,-9.0,9.5,24.4,30.0,30.0,30.0,30.0,30.0,30.0,30.0,30.0,30.0,30.0,0.0,0.0,0.0,0.0,0.0,0.0,0.0,0.0,0.0,0.0,0.0,0.0,0.0,1.3,15.4,19.6,23.9,384.02
47,31,7,2007,48,4,421.2,0.0,0.0,0.0,0.0,0.0,0.0,0.0,-9.9,0.1,0.1,100,2.5,2.5,100,2.7,2.7,100,18.0,1.11,0,0,0,0,0,90.0,90.0,0,1.05,2.5,2.5,2.5,100,18.7,2.695,2.4,0.063,0.317,97,0.08,0.0,0.0,421.2,421.2,1.11,304.6,555.6,333.3,267.9,184.8,164.8,111.1,0.0,0.0,0.0,0.0,0.0,1.11,0.0,0.0,0,-9.9,-9.0,9.4,21.9,30.0,30.0,30.0,30.0,30.0,30.0,30.0,30.0,30.0,30.0,0.0,0.0,0.0,0.0,0.0,0.0,0.0,0.0,0.0,0.0,0.0,0.0,0.0,2.4,14.0,21.4,28.7,384.02
48,1,8,2007,49,4,418.5,0.0,0.0,0.0,0.0,0.0,0.0,0.0,-9.9,0.1,0.1,100,2.7,2.7,100,2.8,2.8,100,17.2,1.13,0,0,0,0,0,90.5,90.5,0,1.05,2.7,2.7,2.7,100,18.7,2.891,2.8,0.08,0.402,97,0.1,0.0,0.0,418.5,418.5,1.13,307.2,564.6,338.8,273.3,188.5,168.0,112.9,0.0,0.0,0.0,0.0,0.0,1.13,0.0,0.0,0,-9.9,-9.0,9.3,19.2,30.0,30.0,30.0,30.0,30.0,30.0,30.0,30.0,30.0,30.0,0.0,0.0,0.0,0.0,0.0,0.0,0.0,0.0,0.0,0.0,0.0,0.0,0.0,2.5,14.4,19.2,24.1,384.02
49,2,8,2007,50,4,416.0,0.0,0.0,0.0,0.0,0.0,0.0,0.0,-9.9,0.1,0.1,100,2.4,2.4,100,2.5,2.5,100,16.6,1.15,-9,0,0,0,0,91.0,91.0,0,1.06,2.4,2.4,2.4,100,18.7,3.088,3.3,0.101,0.506,97,0.12,0.0,0.0,416.0,416.0,1.15,309.9,573.2,343.9,275.2,189.8,169.2,114.6,0.0,0.0,0.0,0.0,0.0,1.15,0.0,0.0,0,-9.9,-9.0,9.2,16.8,30.0,30.0,30.0,30.0,30.0,30.0,30.0,30.0,30.0,30.0,0.0,0.0,0.0,0.0,0.0,0.0,0.0,0.0,0.0,0.0,0.0,0.0,0.0,2.3,16.0,18.6,21.3,384.02
50,3,8,2007,51,4,414.4,0.0,0.0,0.0,0.0,0.0,0.0,0.0,-9.9,0.1,0.1,100,1.5,1.5,100,1.5,1.5,100,17.5,1.16,-9,0,0,0,0,91.2,91.2,0,1.06,1.5,1.5,1.5,100,18.7,3.285,3.9,0.127,0.633,97,0.15,0.0,0.0,414.4,414.4,1.16,313.8,582.2,349.3,272.0,187.3,167.2,116.4,0.0,0.0,0.0,0.0,0.0,1.16,0.0,0.0,0,-9.9,-9.0,9.1,15.3,30.0,30.0,30.0,30.0,30.0,30.0,30.0,30.0,30.0,30.0,0.0,0.0,0.0,0.0,0.0,0.0,0.0,0.0,0.0,0.0,0.0,0.0,0.0,1.4,15.3,19.5,23.7,384.02
51,4,8,2007,52,4,411.3,0.0,0.0,0.0,0.0,0.0,0.0,0.0,-9.9,0.1,0.1,100,3.0,3.0,100,3.1,3.1,100,15.9,1.18,-9,0,0,0,0,91.4,91.4,0,1.06,3.0,3.0,3.0,100,18.7,3.483,4.5,0.158,0.789,97,0.18,0.0,0.0,411.3,411.3,1.18,315.5,590.3,354.2,288.2,198.9,177.2,118.1,0.0,0.0,0.0,0.0,0.0,1.18,0.0,0.0,0,-9.9,-9.0,9.0,12.3,30.0,30.0,30.0,30.0,30.0,30.0,30.0,30.0,30.0,30.0,0.0,0.0,0.0,0.0,0.0,0.0,0.0,0.0,0.0,0.0,0.0,0.0,0.0,2.8,12.8,17.9,22.9,384.02
52,5,8,2007,53,4,431.7,23.6,0.0,0.0,23.5,0.1,0.0,0.0,-9.9,0.1,0.1,100,3.1,3.1,100,3.2,3.2,100,14.8,1.2,-9,0,0,0,0,91.5,91.5,0,1.06,3.1,3.1,3.1,100,18.7,3.68,5.3,0.196,0.978,98,0.21,0.0,0.0,431.7,431.7,1.2,340.3,597.7,358.6,292.9,202.2,180.1,119.5,0.0,0.0,0.0,0.0,0.0,1.2,0.0,0.0,0,-9.9,-9.0,29.3,12.3,30.0,30.0,30.0,30.0,30.0,30.0,30.0,30.0,30.0,30.0,0.0,0.0,0.0,0.0,0.0,0.0,0.0,0.0,0.0,0.0,0.0,0.0,23.6,3.0,11.4,16.8,22.2,384.02
53,6,8,2007,54,4,431.2,1.0,0.0,0.0,1.0,0.0,0.0,0.0,-9.9,0.0,0.0,100,1.4,1.4,100,1.5,1.5,100,14.6,1.21,-9,0,0,0,0,91.6,91.6,0,1.06,1.4,1.4,1.4,100,18.7,3.878,6.2,0.242,1.208,98,0.26,0.0,0.0,431.2,431.2,1.21,344.2,605.1,363.0,282.2,194.3,173.4,121.0,0.0,0.0,0.0,0.0,0.0,1.21,0.0,0.0,0,-9.9,-9.0,28.9,12.3,30.0,30.0,30.0,30.0,30.0,30.0,30.0,30.0,30.0,30.0,0.0,0.0,0.0,0.0,0.0,0.0,0.0,0.0,0.0,0.0,0.0,0.0,1.0,1.3,12.5,16.6,20.8,384.02
54,7,8,2007,55,4,452.7,26.2,0.0,0.0,22.2,4.0,0.0,0.0,-9.9,0.0,0.0,100,0.7,0.7,100,0.7,0.7,100,13.8,1.22,-9,0,0,0,0,91.7,91.7,0,1.06,0.7,0.7,0.7,100,18.7,4.075,7.3,0.297,1.483,98,0.32,0.0,0.0,452.7,452.7,1.22,369.8,611.9,367.1,279.1,191.9,171.5,122.4,0.0,0.0,0.0,0.0,0.0,1.22,0.0,0.0,0,-9.9,-9.0,49.3,13.4,30.0,30.0,30.0,30.0,30.0,30.0,30.0,30.0,30.0,30.0,0.0,0.0,0.0,0.0,0.0,0.0,0.0,0.0,0.0,0.0,0.0,0.0,26.2,0.6,11.9,15.8,19.6,384.02
55,8,8,2007,56,4,448.4,0.0,0.0,0.0,0.0,0.0,0.0,0.0,-9.9,0.1,0.1,100,4.1,4.1,100,4.3,4.3,100,13.6,1.24,-9,0,0,0,0,91.8,91.8,0,1.06,4.1,4.1,4.1,100,18.7,4.272,8.5,0.363,1.813,98,0.37,0.0,0.0,448.4,448.4,1.24,369.6,618.6,371.2,311.8,215.6,191.8,123.7,0.0,0.0,0.0,0.0,0.0,1.24,0.0,0.0,0,-9.9,-9.0,30.4,28.0,30.0,30.0,30.0,30.0,30.0,30.0,30.0,30.0,30.0,30.0,0.0,0.0,0.0,0.0,0.0,0.0,0.0,0.0,0.0,0.0,0.0,0.0,0.0,3.9,10.9,15.6,20.4,384.02
56,9,8,2007,57,4,445.8,0.0,0.0,0.0,0.0,0.0,0.0,0.0,-9.9,0.1,0.1,100,2.6,2.6,100,2.7,2.7,100,13.8,1.25,-9,0,0,0,0,91.8,91.8,0,1.06,2.6,2.6,2.6,100,18.7,4.469,9.9,0.441,2.204,98,0.44,0.0,0.0,445.8,445.8,1.25,371.0,625.4,375.2,302.0,208.3,185.7,125.1,0.0,0.0,0.0,0.0,0.0,1.25,0.0,0.0,0,-9.9,-9.0,27.4,28.3,30.0,30.0,30.0,30.0,30.0,30.0,30.0,30.0,30.0,30.0,0.0,0.0,0.0,0.0,0.0,0.0,0.0,0.0,0.0,0.0,0.0,0.0,0.0,2.5,9.2,15.8,22.4,384.02
57,10,8,2007,58,4,443.0,0.0,0.0,0.0,0.0,0.0,0.0,0.0,-9.9,0.1,0.1,100,2.7,2.7,100,2.8,2.8,100,12.3,1.26,-9,0,0,0,0,91.8,91.8,0,1.05,2.7,2.7,2.7,100,18.7,4.665,11.4,0.533,2.666,98,0.52,0.0,0.0,443.0,443.0,1.26,371.8,631.4,378.8,305.9,211.0,188.1,126.3,0.0,0.0,0.0,0.0,0.0,1.26,0.0,0.0,0,-9.9,-9.0,24.7,28.3,30.0,30.0,30.0,30.0,30.0,30.0,30.0,30.0,30.0,30.0,0.0,0.0,0.0,0.0,0.0,0.0,0.0,0.0,0.0,0.0,0.0,0.0,0.0,2.6,9.2,14.3,19.4,384.02
58,11,8,2007,59,4,439.9,0.0,0.0,0.0,0.0,0.0,0.0,0.0,-9.9,0.1,0.1,100,3.0,3.0,100,3.1,3.1,100,15.2,1.28,-9,0,0,0,0,91.9,91.9,0,1.05,3.0,3.0,3.0,100,18.7,4.862,13.2,0.641,3.207,98,0.6,0.0,0.0,439.9,439.9,1.28,373.1,638.8,383.3,312.2,215.5,192.0,127.8,0.0,0.0,0.0,0.0,0.0,1.28,0.0,0.0,0,-9.9,-9.0,21.5,28.3,30.0,30.0,30.0,30.0,30.0,30.0,30.0,30.0,30.0,30.0,0.0,0.0,0.0,0.0,0.0,0.0,0.0,0.0,0.0,0.0,0.0,0.0,0.0,2.9,12.3,17.2,22.1,384.02
59,12,8,2007,60,4,438.0,0.0,0.0,0.0,0.0,0.0,0.0,0.0,-9.9,0.1,0.1,100,1.8,1.8,100,1.9,1.9,100,14.6,1.29,-9,0,0,0,0,91.9,91.9,0,1.05,1.8,1.8,1.8,100,18.7,5.058,15.2,0.767,3.835,98,0.71,0.0,0.0,438.0,438.0,1.29,375.5,645.8,387.5,304.8,210.0,187.4,129.2,0.0,0.0,0.0,0.0,0.0,1.29,0.0,0.0,0,-9.9,-9.0,19.7,28.3,30.0,30.0,30.0,30.0,30.0,30.0,30.0,30.0,30.0,30.0,0.0,0.0,0.0,0.0,0.0,0.0,0.0,0.0,0.0,0.0,0.0,0.0,0.0,1.7,13.8,16.6,19.3,384.02
60,13,8,2007,61,4,434.9,0.0,0.0,0.0,0.0,0.0,0.0,0.0,-9.9,0.1,0.1,100,3.0,3.0,100,3.1,3.1,100,14.4,1.31,-9,0,0,0,0,91.9,91.9,0,1.05,3.0,3.0,3.0,100,18.7,5.254,17.4,0.912,4.558,98,0.82,0.0,0.0,434.9,434.9,1.31,376.5,652.7,391.6,319.1,220.3,196.3,130.5,0.0,0.0,0.0,0.0,0.0,1.31,0.0,0.0,0,-9.9,-9.0,16.6,28.3,30.0,30.0,30.0,30.0,30.0,30.0,30.0,30.0,30.0,30.0,0.0,0.0,0.0,0.0,0.0,0.0,0.0,0.0,0.0,0.0,0.0,0.0,0.0,2.9,11.3,16.4,21.5,384.02
61,14,8,2007,62,4,431.7,0.0,0.0,0.0,0.0,0.0,0.0,0.0,-9.9,0.1,0.1,100,3.1,3.1,100,3.2,3.2,100,14.1,1.32,-9,0,0,0,0,91.9,91.9,0,1.05,3.1,3.1,3.1,100,18.7,5.449,19.8,1.076,5.382,98,0.94,0.0,0.0,431.7,431.7,1.32,377.3,659.3,395.6,322.9,222.9,198.6,131.9,0.0,0.0,0.0,0.0,0.0,1.32,0.0,0.0,0,-9.9,-9.0,13.4,28.3,30.0,30.0,30.0,30.0,30.0,30.0,30.0,30.0,30.0,30.0,0.0,0.0,0.0,0.0,0.0,0.0,0.0,0.0,0.0,0.0,0.0,0.0,0.0,2.9,11.0,16.1,21.1,384.02
62,15,8,2007,63,4,446.3,17.0,0.0,0.0,16.9,0.1,0.0,0.0,-9.9,0.1,0.1,100,2.2,2.2,100,2.3,2.3,100,17.2,1.33,-9,0,0,0,0,92.0,92.0,0,1.05,2.2,2.2,2.2,100,18.7,5.645,22.4,1.262,6.311,98,1.08,0.0,0.0,446.3,446.3,1.33,396.7,667.4,400.5,319.1,220.0,196.2,133.5,0.0,0.0,0.0,0.0,0.0,1.33,0.0,0.0,0,-9.9,-9.0,27.9,28.3,30.0,30.0,30.0,30.0,30.0,30.0,30.0,30.0,30.0,30.0,0.0,0.0,0.0,0.0,0.0,0.0,0.0,0.0,0.0,0.0,0.0,0.0,17.0,2.1,14.2,19.2,24.2,384.02
63,16,8,2007,64,4,446.1,0.8,0.0,0.0,0.8,0.0,0.0,0.0,-9.9,0.0,0.0,100,1.0,1.0,100,1.0,1.0,100,14.5,1.35,-9,0,0,0,0,92.0,92.0,0,1.05,1.0,1.0,1.0,100,18.7,5.84,25.2,1.469,7.347,98,1.24,0.0,0.0,446.1,446.1,1.35,400.6,674.2,404.5,310.5,213.6,190.8,134.8,0.0,0.0,0.0,0.0,0.0,1.35,0.0,0.0,0,-9.9,-9.0,27.7,28.3,30.0,30.0,30.0,30.0,30.0,30.0,30.0,30.0,30.0,30.0,0.0,0.0,0.0,0.0,0.0,0.0,0.0,0.0,0.0,0.0,0.0,0.0,0.8,0.9,12.8,16.5,20.2,384.02
64,17,8,2007,65,4,477.1,48.2,0.0,0.0,31.8,16.4,0.0,0.0,-9.9,0.0,0.0,100,0.8,0.8,100,0.8,0.8,100,11.2,1.36,-9,0,0,0,0,92.0,92.0,0,1.04,0.8,0.8,0.8,100,18.7,6.035,28.1,1.697,8.487,98,1.43,0.0,0.0,477.1,477.1,1.36,434.8,679.4,407.7,310.8,213.8,191.0,135.9,0.0,0.0,0.0,0.0,0.0,1.36,0.0,0.0,0,-9.9,-9.0,49.2,37.9,30.0,30.0,30.0,30.0,30.0,30.0,30.0,30.0,30.0,30.0,0.0,0.0,0.0,0.0,0.0,0.0,0.0,0.0,0.0,0.0,0.0,0.0,48.2,0.7,10.9,13.2,15.4,384.02
65,18,8,2007,66,4,466.4,0.0,0.0,0.0,0.0,0.0,6.4,0.0,-9.9,0.1,0.1,100,4.1,4.1,100,4.3,4.3,100,11.2,1.37,-9,0,0,0,0,92.0,92.0,0,1.04,4.1,4.1,4.1,100,18.7,6.23,31.2,1.946,9.728,99,1.58,0.0,0.0,466.4,466.4,1.37,426.9,684.7,410.8,345.6,238.9,212.6,136.9,0.0,0.0,0.0,0.0,0.0,1.37,0.0,0.0,0,-9.9,-9.0,30.4,34.7,33.3,32.0,31.3,31.0,30.7,30.5,30.4,30.3,30.3,30.2,0.0,0.0,0.0,0.0,0.0,0.0,0.0,0.0,0.0,0.0,0.0,0.0,0.0,4.0,10.8,13.2,15.7,384.02
66,19,8,2007,67,4,455.1,0.0,0.0,0.0,0.0,0.0,8.0,0.0,-9.9,0.1,0.1,100,3.1,3.1,100,3.2,3.2,100,10.8,1.38,-9,0,0,0,0,92.0,92.0,0,1.04,3.1,3.1,3.1,100,18.7,6.425,34.4,2.212,11.061,99,1.75,0.0,0.0,455.1,455.1,1.38,418.6,689.6,413.8,338.4,233.6,208.1,137.9,0.0,0.0,0.0,0.0,0.0,1.38,0.0,0.0,0,-9.9,-9.0,26.9,31.4,31.0,30.9,30.8,30.7,30.6,30.5,30.4,30.3,30.3,30.3,0.0,0.0,0.0,0.0,0.0,0.0,0.0,0.0,0.0,0.0,0.0,0.0,0.0,3.0,7.7,12.8,17.8,384.02
67,20,8,2007,68,4,447.9,0.0,0.0,0.0,0.0,0.0,5.0,0.0,-9.9,0.1,0.1,100,2.2,2.2,100,2.2,2.2,100,12.3,1.39,-9,0,0,0,0,92.0,92.0,0,1.04,2.2,2.2,2.2,100,18.7,6.619,37.7,2.495,12.474,99,1.94,0.0,0.0,447.9,447.9,1.39,415.0,695.3,417.2,331.8,228.7,204.0,139.1,0.0,0.0,0.0,0.0,0.0,1.39,0.0,0.0,0,-9.9,-9.0,24.7,30.4,30.3,30.3,30.3,30.2,30.2,30.2,30.2,30.2,30.2,30.2,0.0,0.0,0.0,0.0,0.0,0.0,0.0,0.0,0.0,0.0,0.0,0.0,0.0,2.1,7.7,14.3,21.0,384.02
68,21,8,2007,69,4,443.9,0.0,0.0,0.0,0.0,0.0,2.1,0.0,-9.9,0.1,0.1,100,1.8,1.8,100,1.9,1.9,100,12.1,1.4,-9,0,0,0,0,92.0,92.0,0,1.04,1.8,1.8,1.8,100,18.7,6.814,41.0,2.79,13.952,99,2.14,0.0,0.0,443.9,443.9,1.4,414.4,700.9,420.5,330.9,228.0,203.4,140.2,0.0,0.0,0.0,0.0,0.0,1.4,0.0,0.0,0,-9.9,-9.0,22.8,30.1,30.1,30.1,30.1,30.1,30.1,30.1,30.1,30.1,30.1,30.1,0.0,0.0,0.0,0.0,0.0,0.0,0.0,0.0,0.0,0.0,0.0,0.0,0.0,1.7,7.1,14.1,21.1,384.02
69,22,8,2007,70,4,440.7,0.0,0.0,0.0,0.0,0.0,0.8,0.0,-9.9,0.1,0.1,100,2.4,2.4,100,2.5,2.5,100,13.0,1.41,-9,0,0,0,0,92.0,92.0,0,1.04,2.4,2.4,2.4,100,18.7,7.008,44.2,3.096,15.48,99,2.33,0.0,0.0,440.7,440.7,1.41,414.8,706.8,424.1,339.6,234.2,208.8,141.4,0.0,0.0,0.0,0.0,0.0,1.41,0.0,0.0,0,-9.9,-9.0,20.3,30.0,30.0,30.0,30.0,30.0,30.0,30.0,30.0,30.0,30.0,30.0,0.0,0.0,0.0,0.0,0.0,0.0,0.0,0.0,0.0,0.0,0.0,0.0,0.0,2.3,9.0,15.0,21.0,384.02
70,23,8,2007,71,4,440.1,1.0,0.0,0.0,1.0,0.0,0.2,0.0,-9.9,0.0,0.0,100,1.3,1.3,100,1.4,1.4,100,15.0,1.43,-9,0,-9,0,0,91.9,91.9,0,1.04,1.3,1.3,1.3,100,18.7,7.201,47.3,3.408,17.038,99,2.54,0.0,0.0,440.1,440.1,1.43,418.2,713.6,428.2,332.5,228.9,204.3,142.7,0.0,0.0,0.0,0.0,0.0,1.43,0.0,0.0,0,-9.9,-9.0,20.0,30.0,30.0,30.0,30.0,30.0,30.0,30.0,30.0,30.0,30.0,30.0,0.0,0.0,0.0,0.0,0.0,0.0,0.0,0.0,0.0,0.0,0.0,0.0,1.0,1.3,15.6,17.0,18.4,384.02
71,24,8,2007,72,4,438.5,0.0,0.0,0.0,0.0,0.0,0.1,0.0,-9.9,0.0,0.0,100,1.4,1.4,100,1.5,1.5,100,16.1,1.44,-9,0,-9,0,0,91.7,91.7,0,1.03,1.4,1.4,1.4,100,18.7,7.393,50.3,3.722,18.609,99,2.74,0.0,0.0,438.5,438.5,1.44,421.0,720.9,432.5,336.9,232.0,207.1,144.2,0.0,0.0,0.0,0.0,0.0,1.44,0.0,0.0,0,-9.9,-9.0,18.5,30.0,30.0,30.0,30.0,30.0,30.0,30.0,30.0,30.0,30.0,30.0,0.0,0.0,0.0,0.0,0.0,0.0,0.0,0.0,0.0,0.0,0.0,0.0,0.0,1.4,15.6,18.1,20.6,384.02
72,25,8,2007,73,4,436.8,0.0,0.0,0.0,0.0,0.0,0.0,0.0,-9.9,0.1,0.1,100,1.6,1.6,100,1.7,1.7,100,16.6,1.46,-9,0,-9,0,0,91.5,91.5,0,1.03,1.6,1.6,1.6,100,18.7,7.585,53.2,4.035,20.175,99,2.94,0.0,0.0,436.8,436.8,1.46,423.8,728.3,437.0,342.4,235.9,210.5,145.7,0.0,0.0,0.0,0.0,0.0,1.46,0.0,0.0,0,-9.9,-9.0,16.8,30.0,30.0,30.0,30.0,30.0,30.0,30.0,30.0,30.0,30.0,30.0,0.0,0.0,0.0,0.0,0.0,0.0,0.0,0.0,0.0,0.0,0.0,0.0,0.0,1.6,16.2,18.6,21.1,384.02
73,26,8,2007,74,4,433.6,0.0,0.0,0.0,0.0,0.0,0.0,0.0,-9.9,0.1,0.1,100,3.1,3.1,100,3.2,3.2,100,17.2,1.47,-9,0,-9,0,0,91.3,91.3,0,1.02,3.1,3.1,3.1,100,18.7,7.776,55.9,4.345,21.723,99,3.09,0.0,0.0,433.6,433.6,1.47,425.2,736.0,441.6,361.1,249.3,222.1,147.2,0.0,0.0,0.0,0.0,0.0,1.47,0.0,0.0,0,-9.9,-9.0,13.6,30.0,30.0,30.0,30.0,30.0,30.0,30.0,30.0,30.0,30.0,30.0,0.0,0.0,0.0,0.0,0.0,0.0,0.0,0.0,0.0,0.0,0.0,0.0,0.0,3.0,13.3,19.2,25.2,384.02
74,27,8,2007,75,4,431.3,0.0,0.0,0.0,0.0,0.0,0.0,0.0,-9.9,0.1,0.1,100,2.2,2.2,100,2.3,2.3,100,15.5,1.49,-9,0,-9,0,0,91.2,91.2,0,1.02,2.2,2.2,2.2,100,18.7,7.966,58.3,4.647,23.237,99,3.25,0.0,0.0,431.3,431.3,1.49,427.0,742.9,445.7,355.8,245.3,218.7,148.6,0.0,0.0,0.0,0.0,0.0,1.49,0.0,0.0,0,-9.9,-9.0,11.3,30.0,30.0,30.0,30.0,30.0,30.0,30.0,30.0,30.0,30.0,30.0,0.0,0.0,0.0,0.0,0.0,0.0,0.0,0.0,0.0,0.0,0.0,0.0,0.0,2.2,10.7,17.5,24.4,384.02
75,28,8,2007,76,4,429.4,0.0,0.0,0.0,0.0,0.0,0.0,0.0,-9.9,0.1,0.1,100,1.8,1.8,100,1.9,1.9,100,14.8,1.5,-9,0,-9,0,0,91.0,91.0,0,1.01,1.8,1.8,1.8,100,18.7,8.155,60.6,4.942,24.71,99,3.41,0.0,0.0,429.4,429.4,1.5,429.1,749.4,449.6,354.4,244.2,217.9,149.9,0.0,0.0,0.0,0.0,0.0,1.5,0.0,0.0,0,-9.9,-9.0,9.4,30.0,30.0,30.0,30.0,30.0,30.0,30.0,30.0,30.0,30.0,30.0,0.0,0.0,0.0,0.0,0.0,0.0,0.0,0.0,0.0,0.0,0.0,0.0,0.0,1.8,10.4,16.8,23.2,384.02
76,29,8,2007,77,4,428.4,0.0,0.0,0.0,0.0,0.0,0.0,0.0,-9.9,0.0,0.0,100,1.0,1.0,100,1.1,1.1,100,17.9,1.5,-9,0,-9,0,0,90.8,90.8,0,1.01,1.0,1.0,1.0,100,18.7,8.343,62.6,5.227,26.133,99,3.58,0.0,0.0,428.4,428.4,1.5,428.4,750.0,450.0,346.2,238.3,212.8,150.0,0.0,0.0,0.0,0.0,0.0,1.5,0.0,0.0,0,-9.9,-9.0,9.4,29.0,30.0,30.0,30.0,30.0,30.0,30.0,30.0,30.0,30.0,30.0,0.0,0.0,0.0,0.0,0.0,0.0,0.0,0.0,0.0,0.0,0.0,0.0,0.0,1.0,15.9,19.9,23.9,384.02
77,30,8,2007,78,4,451.7,24.0,0.0,0.0,23.7,0.3,0.0,0.0,-9.9,0.0,0.0,100,0.3,0.3,100,0.3,0.3,100,17.1,1.5,-9,0,-9,0,0,90.6,90.6,0,1.0,0.3,0.3,0.3,100,18.7,8.53,64.5,5.5,27.501,99,3.76,0.0,0.0,451.7,451.7,1.5,451.7,750.0,450.0,338.7,232.8,208.1,150.0,0.0,0.0,0.0,0.0,0.0,1.5,0.0,0.0,0,-9.9,-9.0,32.7,29.0,30.0,30.0,30.0,30.0,30.0,30.0,30.0,30.0,30.0,30.0,0.0,0.0,0.0,0.0,0.0,0.0,0.0,0.0,0.0,0.0,0.0,0.0,24.0,0.3,16.1,19.1,22.1,384.02
78,31,8,2007,79,4,448.9,0.0,0.0,0.0,0.0,0.0,0.2,0.0,-9.9,0.1,0.1,100,2.5,2.5,100,2.6,2.6,100,13.4,1.5,-9,0,-9,0,0,90.4,90.4,0,1.0,2.5,2.5,2.5,100,18.7,8.716,66.1,5.762,28.812,99,3.87,0.0,0.0,448.9,448.9,1.5,448.9,750.0,450.0,362.4,250.0,222.8,150.0,0.0,0.0,0.0,0.0,0.0,1.5,0.0,0.0,0,-9.9,-9.0,28.2,30.3,30.1,30.1,30.0,30.0,30.0,30.0,30.0,30.0,30.0,30.0,0.0,0.0,0.0,0.0,0.0,0.0,0.0,0.0,0.0,0.0,0.0,0.0,0.0,2.5,11.1,15.4,19.6,384.02
79,1,9,2007,80,4,444.2,0.0,0.0,0.0,0.0,0.0,0.3,0.0,-9.9,0.2,0.2,100,4.2,4.2,100,4.4,4.4,100,11.6,1.5,-9,0,-9,0,0,90.3,90.3,0,0.99,4.2,4.2,4.2,100,18.7,8.902,67.6,6.013,30.067,99,3.92,0.0,0.0,444.2,444.2,1.5,444.2,750.0,450.0,382.0,264.2,235.0,150.0,0.0,0.0,0.0,0.0,0.0,1.5,0.0,0.0,0,-9.9,-9.0,23.8,30.1,30.0,30.0,30.0,30.0,30.0,30.0,30.0,30.0,30.0,30.0,0.0,0.0,0.0,0.0,0.0,0.0,0.0,0.0,0.0,0.0,0.0,0.0,0.0,4.3,9.3,13.6,17.8,384.02
80,2,9,2007,81,4,441.0,0.0,0.0,0.0,0.0,0.0,0.2,0.0,-9.9,0.1,0.1,100,2.8,2.8,100,2.9,2.9,100,13.2,1.5,-9,0,-9,0,0,90.1,90.1,0,0.99,2.8,2.8,2.8,100,18.7,9.086,68.8,6.253,31.264,99,4.0,0.0,0.0,441.0,441.0,1.5,441.0,750.0,450.0,366.1,252.7,225.1,150.0,0.0,0.0,0.0,0.0,0.0,1.5,0.0,0.0,0,-9.9,-9.0,20.9,30.0,30.0,30.0,30.0,30.0,30.0,30.0,30.0,30.0,30.0,30.0,0.0,0.0,0.0,0.0,0.0,0.0,0.0,0.0,0.0,0.0,0.0,0.0,0.0,2.8,12.4,15.2,18.1,384.02
81,3,9,2007,82,4,437.2,0.0,0.0,0.0,0.0,0.0,0.1,0.0,-9.9,0.2,0.2,100,3.6,3.6,100,3.8,3.8,100,12.7,1.5,-9,0,-9,0,0,89.9,89.9,0,0.99,3.6,3.6,3.6,100,18.7,9.27,69.9,6.482,32.409,99,4.05,0.0,0.0,437.2,437.2,1.5,437.2,750.0,450.0,375.2,259.3,230.8,150.0,0.0,0.0,0.0,0.0,0.0,1.5,0.0,0.0,0,-9.9,-9.0,17.1,30.0,30.0,30.0,30.0,30.0,30.0,30.0,30.0,30.0,30.0,30.0,0.0,0.0,0.0,0.0,0.0,0.0,0.0,0.0,0.0,0.0,0.0,0.0,0.0,3.6,11.5,14.7,17.8,384.02
82,4,9,2007,83,4,433.2,0.0,0.0,0.0,0.0,0.0,0.0,0.0,-9.9,0.2,0.2,100,3.7,3.7,100,3.9,3.9,100,9.1,1.5,-9,0,-9,0,0,89.8,89.8,0,0.98,3.7,3.7,3.7,100,18.7,9.454,70.9,6.7,33.502,99,4.09,0.0,0.0,433.2,433.2,1.5,433.2,750.0,450.0,376.6,260.3,231.7,150.0,0.0,0.0,0.0,0.0,0.0,1.5,0.0,0.0,0,-9.9,-9.0,13.2,30.0,30.0,30.0,30.0,30.0,30.0,30.0,30.0,30.0,30.0,30.0,0.0,0.0,0.0,0.0,0.0,0.0,0.0,0.0,0.0,0.0,0.0,0.0,0.0,3.8,6.7,11.1,15.5,384.02
83,5,9,2007,84,4,430.6,0.0,0.0,0.0,0.0,0.0,0.0,0.0,-9.9,0.1,0.1,100,2.5,2.5,100,2.6,2.6,100,9.9,1.5,-9,0,-9,0,0,89.6,89.6,0,0.98,2.5,2.5,2.5,100,18.7,9.636,71.7,6.91,34.548,99,4.15,0.0,0.0,430.6,430.6,1.5,430.6,750.0,450.0,362.8,250.3,223.1,150.0,0.0,0.0,0.0,0.0,0.0,1.5,0.0,0.0,0,-9.9,-9.0,10.6,30.0,30.0,30.0,30.0,30.0,30.0,30.0,30.0,30.0,30.0,30.0,0.0,0.0,0.0,0.0,0.0,0.0,0.0,0.0,0.0,0.0,0.0,0.0,0.0,2.5,6.1,11.9,17.6,384.02
84,6,9,2007,85,4,428.4,0.0,0.0,0.0,0.0,0.0,0.0,0.0,-9.9,0.1,0.1,100,2.1,2.1,100,2.2,2.2,100,14.1,1.5,-9,0,-9,0,0,89.4,89.4,0,0.97,2.1,2.1,2.1,100,18.7,9.818,72.4,7.11,35.55,99,4.22,0.0,0.0,428.4,428.4,1.5,428.4,750.0,450.0,359.0,247.5,220.7,150.0,0.0,0.0,0.0,0.0,0.0,1.5,0.0,0.0,0,-9.9,-9.0,9.3,29.1,30.0,30.0,30.0,30.0,30.0,30.0,30.0,30.0,30.0,30.0,0.0,0.0,0.0,0.0,0.0,0.0,0.0,0.0,0.0,0.0,0.0,0.0,0.0,2.2,12.9,16.1,19.2,384.02
85,7,9,2007,86,4,426.6,0.0,0.0,0.0,0.0,0.0,0.0,0.0,-9.9,0.1,0.1,100,1.7,1.7,100,1.8,1.8,100,15.6,1.5,-9,0,-9,0,0,89.2,89.2,0,0.97,1.7,1.7,1.7,100,18.7,9.999,73.0,7.302,36.51,99,4.29,0.0,0.0,426.6,426.6,1.5,426.6,750.0,450.0,354.4,244.2,217.8,150.0,0.0,0.0,0.0,0.0,0.0,1.5,0.0,0.0,0,-9.9,-9.0,9.3,27.4,30.0,30.0,30.0,30.0,30.0,30.0,30.0,30.0,30.0,30.0,0.0,0.0,0.0,0.0,0.0,0.0,0.0,0.0,0.0,0.0,0.0,0.0,0.0,1.8,14.6,17.6,20.6,384.02
86,8,9,2007,87,4,426.6,1.4,0.0,0.0,1.4,0.0,0.0,0.0,-9.9,0.1,0.1,100,1.3,1.3,100,1.4,1.4,100,17.4,1.5,-9,0,-9,0,0,88.9,88.9,0,0.96,1.3,1.3,1.3,100,18.7,10.179,73.5,7.487,37.433,99,4.36,0.0,0.0,426.6,426.6,1.5,426.6,750.0,450.0,350.2,241.1,215.2,150.0,0.0,0.0,0.0,0.0,0.0,1.5,0.0,0.0,0,-9.9,-9.0,9.3,27.4,30.0,30.0,30.0,30.0,30.0,30.0,30.0,30.0,30.0,30.0,0.0,0.0,0.0,0.0,0.0,0.0,0.0,0.0,0.0,0.0,0.0,0.0,1.4,1.4,14.2,19.4,24.7,384.02
87,9,9,2007,88,4,428.4,2.6,0.0,0.0,2.6,0.0,0.0,0.0,-9.9,0.0,0.0,100,0.8,0.8,100,0.8,0.8,100,16.3,1.5,-9,0,-9,0,0,88.7,88.7,0,0.96,0.8,0.8,0.8,100,18.7,10.357,74.0,7.664,38.32,99,4.44,0.0,0.0,428.4,428.4,1.5,428.4,750.0,450.0,344.4,236.9,211.6,150.0,0.0,0.0,0.0,0.0,0.0,1.5,0.0,0.0,0,-9.9,-9.0,11.0,27.4,30.0,30.0,30.0,30.0,30.0,30.0,30.0,30.0,30.0,30.0,0.0,0.0,0.0,0.0,0.0,0.0,0.0,0.0,0.0,0.0,0.0,0.0,2.6,0.8,15.0,18.3,21.6,384.02
88,10,9,2007,89,4,451.4,23.8,0.0,0.0,23.4,0.4,0.0,0.0,-9.9,0.0,0.0,100,0.4,0.4,100,0.4,0.4,100,15.9,1.5,-9,0,-9,0,0,88.4,88.4,0,0.95,0.4,0.4,0.4,100,18.7,10.535,74.4,7.835,39.177,99,4.53,0.0,0.0,451.4,451.4,1.5,451.4,750.0,450.0,339.8,233.6,208.8,150.0,0.0,0.0,0.0,0.0,0.0,1.5,0.0,0.0,0,-9.9,-9.0,34.0,27.4,30.0,30.0,30.0,30.0,30.0,30.0,30.0,30.0,30.0,30.0,0.0,0.0,0.0,0.0,0.0,0.0,0.0,0.0,0.0,0.0,0.0,0.0,23.8,0.4,13.9,17.9,21.8,384.02
89,11,9,2007,90,4,449.1,0.0,0.0,0.0,0.0,0.0,0.0,0.0,-9.9,0.1,0.1,100,2.2,2.2,100,2.3,2.3,100,12.9,1.5,-9,0,-9,0,0,88.2,88.2,0,0.95,2.2,2.2,2.2,100,18.7,10.711,74.7,8.001,40.006,99,4.56,0.0,0.0,449.1,449.1,1.5,449.1,750.0,450.0,360.2,248.4,221.5,150.0,0.0,0.0,0.0,0.0,0.0,1.5,0.0,0.0,0,-9.9,-9.0,28.9,30.1,30.0,30.0,30.0,30.0,30.0,30.0,30.0,30.0,30.0,30.0,0.0,0.0,0.0,0.0,0.0,0.0,0.0,0.0,0.0,0.0,0.0,0.0,0.0,2.3,12.3,14.9,17.5,384.02
90,12,9,2007,91,4,447.6,0.0,0.0,0.0,0.0,0.0,0.1,0.0,-9.9,1.4,1.4,100,0.0,0.0,100,1.4,1.4,100,10.6,1.5,-9,-9,-9,0,-9,0.0,0.0,0,-9.0,0.0,0.0,0.0,100,18.7,10.711,76.5,8.193,40.963,99,4.67,0.0,0.0,447.6,447.6,1.5,447.6,750.0,450.0,360.2,253.2,221.5,150.0,0.0,0.0,0.0,0.0,0.0,1.5,0.0,0.0,0,-9.9,-9.0,27.5,30.0,30.0,30.0,30.0,30.0,30.0,30.0,30.0,30.0,30.0,30.0,0.0,0.0,0.0,0.0,0.0,0.0,0.0,0.0,0.0,0.0,0.0,0.0,0.0,2.9,7.7,12.6,17.5,384.02
91,13,9,2007,-9,0,445.2,0.0,0.0,0.0,0.0,0.0,0.0,0.0,-9.9,2.3,2.3,100,0.0,0.0,100,2.3,2.3,100,10.8,1.5,-9,-9,-9,0,-9,0.0,0.0,0,-9.0,0.0,0.0,0.0,100,18.7,10.711,76.5,8.193,40.963,99,4.67,0.0,0.0,445.2,445.2,1.5,445.2,750.0,450.0,360.2,246.9,221.5,150.0,0.0,0.0,0.0,0.0,0.0,1.5,0.0,0.0,0,-9.9,-9.0,25.2,30.0,30.0,30.0,30.0,30.0,30.0,30.0,30.0,30.0,30.0,30.0,0.0,0.0,0.0,0.0,0.0,0.0,0.0,0.0,0.0,0.0,0.0,0.0,0.0,2.1,6.1,12.8,19.5,384.02
92,14,9,2007,-9,0,468.7,30.4,0.0,0.0,24.6,5.8,0.0,0.0,-9.9,1.0,1.0,100,0.0,0.0,100,1.0,1.0,100,12.9,1.5,-9,-9,-9,0,-9,0.0,0.0,0,-9.0,0.0,0.0,0.0,100,18.7,10.711,76.5,8.193,40.963,99,4.67,0.0,0.0,468.7,468.7,1.5,468.7,750.0,450.0,360.2,237.7,221.5,150.0,0.0,0.0,0.0,0.0,0.0,1.5,0.0,0.0,0,-9.9,-9.0,48.7,30.0,30.0,30.0,30.0,30.0,30.0,30.0,30.0,30.0,30.0,30.0,0.0,0.0,0.0,0.0,0.0,0.0,0.0,0.0,0.0,0.0,0.0,0.0,30.4,0.9,10.5,14.9,19.4,384.02
93,15,9,2007,-9,0,462.8,0.0,0.0,0.0,0.0,0.0,3.6,0.0,-9.9,2.3,2.3,100,0.0,0.0,100,2.3,2.3,100,8.5,1.5,-9,-9,-9,0,-9,0.0,0.0,0,-9.0,0.0,0.0,0.0,100,18.7,10.711,76.5,8.193,40.963,99,4.67,0.0,0.0,462.8,462.8,1.5,462.8,750.0,450.0,360.2,247.0,221.5,150.0,0.0,0.0,0.0,0.0,0.0,1.5,0.0,0.0,0,-9.9,-9.0,32.3,33.7,32.1,31.2,30.8,30.6,30.4,30.3,30.2,30.2,30.2,30.1,0.0,0.0,0.0,0.0,0.0,0.0,0.0,0.0,0.0,0.0,0.0,0.0,0.0,2.1,7.0,10.5,14.0,384.02
94,16,9,2007,-9,0,455.3,0.0,0.0,0.0,0.0,0.0,5.5,0.0,-9.9,2.0,2.0,100,0.0,0.0,100,2.0,2.0,100,9.6,1.5,-9,-9,-9,0,-9,0.0,0.0,0,-9.0,0.0,0.0,0.0,100,18.7,10.711,76.5,8.193,40.963,99,4.67,0.0,0.0,455.3,455.3,1.5,455.3,750.0,450.0,360.2,244.6,221.5,150.0,0.0,0.0,0.0,0.0,0.0,1.5,0.0,0.0,0,-9.9,-9.0,28.7,31.1,30.9,30.8,30.6,30.5,30.4,30.4,30.3,30.2,30.2,30.2,0.0,0.0,0.0,0.0,0.0,0.0,0.0,0.0,0.0,0.0,0.0,0.0,0.0,1.8,5.5,11.6,17.6,384.02
95,17,9,2007,-9,0,449.6,0.0,0.0,0.0,0.0,0.0,3.8,0.0,-9.9,1.8,1.8,100,0.0,0.0,100,1.8,1.8,100,11.0,1.5,-9,-9,-9,0,-9,0.0,0.0,0,-9.0,0.0,0.0,0.0,100,18.7,10.711,76.5,8.193,40.963,99,4.67,0.0,0.0,449.6,449.6,1.5,449.6,750.0,450.0,360.2,243.5,221.5,150.0,0.0,0.0,0.0,0.0,0.0,1.5,0.0,0.0,0,-9.9,-9.0,26.9,30.3,30.3,30.2,30.2,30.2,30.2,30.2,30.2,30.2,30.1,30.1,0.0,0.0,0.0,0.0,0.0,0.0,0.0,0.0,0.0,0.0,0.0,0.0,0.0,1.7,6.6,13.0,19.4,384.02
96,18,9,2007,-9,0,446.6,0.0,0.0,0.0,0.0,0.0,1.8,0.0,-9.9,1.2,1.2,100,0.0,0.0,100,1.2,1.2,100,13.2,1.5,-9,-9,-9,0,-9,0.0,0.0,0,-9.0,0.0,0.0,0.0,100,18.7,10.711,76.5,8.193,40.963,99,4.67,0.0,0.0,446.6,446.6,1.5,446.6,750.0,450.0,360.2,238.8,221.5,150.0,0.0,0.0,0.0,0.0,0.0,1.5,0.0,0.0,0,-9.9,-9.0,25.7,30.1,30.1,30.1,30.1,30.1,30.1,30.1,30.1,30.1,30.1,30.1,0.0,0.0,0.0,0.0,0.0,0.0,0.0,0.0,0.0,0.0,0.0,0.0,0.0,1.1,11.7,15.2,18.7,384.02
97,19,9,2007,-9,0,445.3,0.0,0.0,0.0,0.0,0.0,0.7,0.0,-9.9,0.7,0.7,100,0.0,0.0,100,0.7,0.7,100,12.8,1.5,-9,-9,-9,0,-9,0.0,0.0,0,-9.0,0.0,0.0,0.0,100,18.7,10.711,76.5,8.193,40.963,99,4.67,0.0,0.0,445.3,445.3,1.5,445.3,750.0,450.0,360.2,235.3,221.5,150.0,0.0,0.0,0.0,0.0,0.0,1.5,0.0,0.0,0,-9.9,-9.0,25.0,30.0,30.0,30.0,30.0,30.0,30.0,30.0,30.0,30.0,30.0,30.0,0.0,0.0,0.0,0.0,0.0,0.0,0.0,0.0,0.0,0.0,0.0,0.0,0.0,0.6,12.2,14.8,17.3,384.02
98,20,9,2007,-9,0,444.1,0.0,0.0,0.0,0.0,0.0,0.2,0.0,-9.9,1.1,1.0,95,0.0,0.0,100,1.1,1.0,95,13.8,1.5,-9,-9,-9,0,-9,0.0,0.0,0,-9.0,0.0,0.0,0.0,100,18.7,10.711,76.5,8.193,40.963,99,4.67,0.0,0.0,444.1,444.1,1.5,444.1,750.0,450.0,360.2,237.9,221.5,150.0,0.0,0.0,0.0,0.0,0.0,1.5,0.0,0.0,0,-9.9,-9.0,24.0,30.0,30.0,30.0,30.0,30.0,30.0,30.0,30.0,30.0,30.0,30.0,0.0,0.0,0.0,0.0,0.0,0.0,0.0,0.0,0.0,0.0,0.0,0.0,0.0,1.0,10.6,15.8,20.9,384.02
99,21,9,2007,-9,0,443.4,0.2,0.0,0.0,0.2,0.0,0.1,0.0,-9.9,0.8,0.8,96,0.0,0.0,100,0.8,0.8,96,10.7,1.5,-9,-9,-9,0,-9,0.0,0.0,0,-9.0,0.0,0.0,0.0,100,18.7,10.711,76.5,8.193,40.963,99,4.67,0.0,0.0,443.4,443.4,1.5,443.4,750.0,450.0,360.2,236.0,221.5,150.0,0.0,0.0,0.0,0.0,0.0,1.5,0.0,0.0,0,-9.9,-9.0,23.4,30.0,30.0,30.0,30.0,30.0,30.0,30.0,30.0,30.0,30.0,30.0,0.0,0.0,0.0,0.0,0.0,0.0,0.0,0.0,0.0,0.0,0.0,0.0,0.2,0.7,8.4,12.7,17.0,384.02
100,22,9,2007,-9,0,441.3,0.2,0.0,0.0,0.2,0.0,0.0,0.0,-9.9,2.6,2.3,89,0.0,0.0,100,2.6,2.3,89,13.2,1.5,-9,-9,-9,0,-9,0.0,0.0,0,-9.0,0.0,0.0,0.0,100,18.7,10.711,76.5,8.193,40.963,99,4.67,0.0,0.0,441.3,441.3,1.5,441.3,750.0,450.0,360.2,249.0,221.5,150.0,0.0,0.0,0.0,0.0,0.0,1.5,0.0,0.0,0,-9.9,-9.0,21.3,30.0,30.0,30.0,30.0,30.0,30.0,30.0,30.0,30.0,30.0,30.0,0.0,0.0,0.0,0.0,0.0,0.0,0.0,0.0,0.0,0.0,0.0,0.0,0.2,2.4,12.4,15.2,18.1,384.02
101,23,9,2007,-9,0,437.7,0.0,0.0,0.0,0.0,0.0,0.0,0.0,-9.9,5.9,3.6,60,0.0,0.0,100,5.9,3.6,60,11.3,1.5,-9,-9,-9,0,-9,0.0,0.0,0,-9.0,0.0,0.0,0.0,100,18.7,10.711,76.5,8.193,40.963,99,4.67,0.0,0.0,437.7,437.7,1.5,437.7,750.0,450.0,360.2,273.0,221.5,150.0,0.0,0.0,0.0,0.0,0.0,1.5,0.0,0.0,0,-9.9,-9.0,17.7,30.0,30.0,30.0,30.0,30.0,30.0,30.0,30.0,30.0,30.0,30.0,0.0,0.0,0.0,0.0,0.0,0.0,0.0,0.0,0.0,0.0,0.0,0.0,0.0,5.4,11.1,13.3,15.5,384.02
102,24,9,2007,-9,0,436.4,0.0,0.0,0.0,0.0,0.0,0.0,0.0,-9.9,2.9,1.3,44,0.0,0.0,100,2.9,1.3,44,13.2,1.5,-9,-9,-9,0,-9,0.0,0.0,0,-9.0,0.0,0.0,0.0,100,18.7,10.711,76.5,8.193,40.963,99,4.67,0.0,0.0,436.4,436.4,1.5,436.4,750.0,450.0,360.2,251.5,221.5,150.0,0.0,0.0,0.0,0.0,0.0,1.5,0.0,0.0,0,-9.9,-9.0,16.4,30.0,30.0,30.0,30.0,30.0,30.0,30.0,30.0,30.0,30.0,30.0,0.0,0.0,0.0,0.0,0.0,0.0,0.0,0.0,0.0,0.0,0.0,0.0,0.0,2.7,10.7,15.2,19.7,384.02
103,25,9,2007,-9,0,435.1,0.0,0.0,0.0,0.0,0.0,0.0,0.0,-9.9,3.7,1.3,36,0.0,0.0,100,3.7,1.3,36,14.7,1.5,-9,-9,-9,0,-9,0.0,0.0,0,-9.0,0.0,0.0,0.0,100,18.7,10.711,76.5,8.193,40.963,99,4.67,0.0,0.0,435.1,435.1,1.5,435.1,750.0,450.0,360.2,256.9,221.5,150.0,0.0,0.0,0.0,0.0,0.0,1.5,0.0,0.0,0,-9.9,-9.0,15.1,30.0,30.0,30.0,30.0,30.0,30.0,30.0,30.0,30.0,30.0,30.0,0.0,0.0,0.0,0.0,0.0,0.0,0.0,0.0,0.0,0.0,0.0,0.0,0.0,3.4,13.8,16.7,19.6,384.02
104,26,9,2007,-9,0,435.2,1.6,0.0,0.0,1.6,0.0,0.0,0.0,-9.9,1.5,1.5,100,0.0,0.0,100,1.5,1.5,100,15.3,1.5,-9,-9,-9,0,-9,0.0,0.0,0,-9.0,0.0,0.0,0.0,100,18.7,10.711,76.5,8.193,40.963,99,4.67,0.0,0.0,435.2,435.2,1.5,435.2,750.0,450.0,360.2,240.8,221.5,150.0,0.0,0.0,0.0,0.0,0.0,1.5,0.0,0.0,0,-9.9,-9.0,15.2,30.0,30.0,30.0,30.0,30.0,30.0,30.0,30.0,30.0,30.0,30.0,0.0,0.0,0.0,0.0,0.0,0.0,0.0,0.0,0.0,0.0,0.0,0.0,1.6,1.3,12.7,17.3,21.9,384.02
105,27,9,2007,-9,0,456.7,22.8,0.0,0.0,21.9,0.9,0.0,0.0,-9.9,0.5,0.5,100,0.0,0.0,100,0.5,0.5,100,13.7,1.5,-9,-9,-9,0,-9,0.0,0.0,0,-9.0,0.0,0.0,0.0,100,18.7,10.711,76.5,8.193,40.963,99,4.67,0.0,0.0,456.7,456.7,1.5,456.7,750.0,450.0,360.2,233.7,221.5,150.0,0.0,0.0,0.0,0.0,0.0,1.5,0.0,0.0,0,-9.9,-9.0,36.7,30.0,30.0,30.0,30.0,30.0,30.0,30.0,30.0,30.0,30.0,30.0,0.0,0.0,0.0,0.0,0.0,0.0,0.0,0.0,0.0,0.0,0.0,0.0,22.8,0.4,11.9,15.7,19.5,384.02
106,28,9,2007,-9,0,452.5,0.0,0.0,0.0,0.0,0.0,1.1,0.0,-9.9,3.1,3.1,100,0.0,0.0,100,3.1,3.1,100,9.7,1.5,-9,-9,-9,0,-9,0.0,0.0,0,-9.0,0.0,0.0,0.0,100,18.7,10.711,76.5,8.193,40.963,99,4.67,0.0,0.0,452.5,452.5,1.5,452.5,750.0,450.0,360.2,252.5,221.5,150.0,0.0,0.0,0.0,0.0,0.0,1.5,0.0,0.0,0,-9.9,-9.0,28.9,31.4,30.7,30.4,30.3,30.2,30.1,30.1,30.1,30.1,30.0,30.0,0.0,0.0,0.0,0.0,0.0,0.0,0.0,0.0,0.0,0.0,0.0,0.0,0.0,2.8,8.0,11.7,15.4,384.02
107,29,9,2007,-9,0,447.6,0.0,0.0,0.0,0.0,0.0,1.6,0.0,-9.9,3.3,3.3,100,0.0,0.0,100,3.3,3.3,100,6.4,1.5,-9,-9,-9,0,-9,0.0,0.0,0,-9.0,0.0,0.0,0.0,100,18.7,10.711,76.5,8.193,40.963,99,4.67,0.0,0.0,447.6,447.6,1.5,447.6,750.0,450.0,360.2,254.1,221.5,150.0,0.0,0.0,0.0,0.0,0.0,1.5,0.0,0.0,0,-9.9,-9.0,25.6,30.4,30.2,30.2,30.2,30.2,30.1,30.1,30.1,30.1,30.1,30.1,0.0,0.0,0.0,0.0,0.0,0.0,0.0,0.0,0.0,0.0,0.0,0.0,0.0,3.0,3.3,8.4,13.6,384.02
108,30,9,2007,-9,0,444.7,0.0,0.0,0.0,0.0,0.0,1.2,0.0,-9.9,1.7,1.7,100,0.0,0.0,100,1.7,1.7,100,6.7,1.5,-9,-9,-9,0,-9,0.0,0.0,0,-9.0,0.0,0.0,0.0,100,18.7,10.711,76.5,8.193,40.963,99,4.67,0.0,0.0,444.7,444.7,1.5,444.7,750.0,450.0,360.2,242.3,221.5,150.0,0.0,0.0,0.0,0.0,0.0,1.5,0.0,0.0,0,-9.9,-9.0,23.9,30.1,30.1,30.1,30.1,30.1,30.1,30.1,30.1,30.0,30.0,30.0,0.0,0.0,0.0,0.0,0.0,0.0,0.0,0.0,0.0,0.0,0.0,0.0,0.0,1.5,2.7,8.7,14.7,384.02
109,1,10,2007,-9,0,443.0,0.0,0.0,0.0,0.0,0.0,0.5,0.0,-9.9,1.2,1.2,98,0.0,0.0,100,1.2,1.2,98,10.4,1.5,-9,-9,-9,0,-9,0.0,0.0,0,-9.0,0.0,0.0,0.0,100,18.7,10.711,76.5,8.193,40.963,99,4.67,0.0,0.0,443.0,443.0,1.5,443.0,750.0,450.0,360.2,239.2,221.5,150.0,0.0,0.0,0.0,0.0,0.0,1.5,0.0,0.0,0,-9.9,-9.0,22.7,30.0,30.0,30.0,30.0,30.0,30.0,30.0,30.0,30.0,30.0,30.0,0.0,0.0,0.0,0.0,0.0,0.0,0.0,0.0,0.0,0.0,0.0,0.0,0.0,1.1,6.6,12.4,18.2,384.02
110,2,10,2007,-9,0,442.5,0.6,0.0,0.0,0.6,0.0,0.2,0.0,-9.9,0.8,0.8,100,0.0,0.0,100,0.8,0.8,100,14.3,1.5,-9,-9,-9,0,-9,0.0,0.0,0,-9.0,0.0,0.0,0.0,100,18.7,10.711,76.5,8.193,40.963,99,4.67,0.0,0.0,442.5,442.5,1.5,442.5,750.0,450.0,360.2,236.3,221.5,150.0,0.0,0.0,0.0,0.0,0.0,1.5,0.0,0.0,0,-9.9,-9.0,22.4,30.0,30.0,30.0,30.0,30.0,30.0,30.0,30.0,30.0,30.0,30.0,0.0,0.0,0.0,0.0,0.0,0.0,0.0,0.0,0.0,0.0,0.0,0.0,0.6,0.8,11.4,16.3,21.2,384.02
111,3,10,2007,-9,0,441.5,0.0,0.0,0.0,0.0,0.0,0.1,0.0,-9.9,1.0,0.9,93,0.0,0.0,100,1.0,0.9,93,11.4,1.5,-9,-9,-9,0,-9,0.0,0.0,0,-9.0,0.0,0.0,0.0,100,18.7,10.711,76.5,8.193,40.963,99,4.67,0.0,0.0,441.5,441.5,1.5,441.5,750.0,450.0,360.2,237.6,221.5,150.0,0.0,0.0,0.0,0.0,0.0,1.5,0.0,0.0,0,-9.9,-9.0,21.5,30.0,30.0,30.0,30.0,30.0,30.0,30.0,30.0,30.0,30.0,30.0,0.0,0.0,0.0,0.0,0.0,0.0,0.0,0.0,0.0,0.0,0.0,0.0,0.0,0.9,10.2,13.4,16.6,384.02
112,4,10,2007,-9,0,439.7,0.0,0.0,0.0,0.0,0.0,0.0,0.0,-9.9,2.3,1.8,77,0.0,0.0,100,2.3,1.8,77,11.8,1.5,-9,-9,-9,0,-9,0.0,0.0,0,-9.0,0.0,0.0,0.0,100,18.7,10.711,76.5,8.193,40.963,99,4.67,0.0,0.0,439.7,439.7,1.5,439.7,750.0,450.0,360.2,246.8,221.5,150.0,0.0,0.0,0.0,0.0,0.0,1.5,0.0,0.0,0,-9.9,-9.0,19.7,30.0,30.0,30.0,30.0,30.0,30.0,30.0,30.0,30.0,30.0,30.0,0.0,0.0,0.0,0.0,0.0,0.0,0.0,0.0,0.0,0.0,0.0,0.0,0.0,2.1,7.8,13.8,19.9,384.02
113,5,10,2007,-9,0,439.9,2.4,0.0,0.0,2.4,0.0,0.0,0.0,-9.9,2.2,2.2,100,0.0,0.0,100,2.2,2.2,100,12.9,1.5,-9,-9,-9,0,-9,0.0,0.0,0,-9.0,0.0,0.0,0.0,100,18.7,10.711,76.5,8.193,40.963,99,4.67,0.0,0.0,439.9,439.9,1.5,439.9,750.0,450.0,360.2,246.1,221.5,150.0,0.0,0.0,0.0,0.0,0.0,1.5,0.0,0.0,0,-9.9,-9.0,19.9,30.0,30.0,30.0,30.0,30.0,30.0,30.0,30.0,30.0,30.0,30.0,0.0,0.0,0.0,0.0,0.0,0.0,0.0,0.0,0.0,0.0,0.0,0.0,2.4,2.0,9.1,14.9,20.7,384.02
114,6,10,2007,-9,0,438.5,1.6,0.0,0.0,1.6,0.0,0.0,0.0,-9.9,3.4,3.0,88,0.0,0.0,100,3.4,3.0,88,5.9,1.5,-9,-9,-9,0,-9,0.0,0.0,0,-9.0,0.0,0.0,0.0,100,18.7,10.711,76.5,8.193,40.963,99,4.67,0.0,0.0,438.5,438.5,1.5,438.5,750.0,450.0,360.2,254.7,221.5,150.0,0.0,0.0,0.0,0.0,0.0,1.5,0.0,0.0,0,-9.9,-9.0,18.5,30.0,30.0,30.0,30.0,30.0,30.0,30.0,30.0,30.0,30.0,30.0,0.0,0.0,0.0,0.0,0.0,0.0,0.0,0.0,0.0,0.0,0.0,0.0,1.6,3.1,3.8,7.9,12.0,384.02
115,7,10,2007,-9,0,437.0,0.0,0.0,0.0,0.0,0.0,0.0,0.0,-9.9,2.4,1.5,63,0.0,0.0,100,2.4,1.5,63,5.6,1.5,-9,-9,-9,0,-9,0.0,0.0,0,-9.0,0.0,0.0,0.0,100,18.7,10.711,76.5,8.193,40.963,99,4.67,0.0,0.0,437.0,437.0,1.5,437.0,750.0,450.0,360.2,247.3,221.5,150.0,0.0,0.0,0.0,0.0,0.0,1.5,0.0,0.0,0,-9.9,-9.0,17.0,30.0,30.0,30.0,30.0,30.0,30.0,30.0,30.0,30.0,30.0,30.0,0.0,0.0,0.0,0.0,0.0,0.0,0.0,0.0,0.0,0.0,0.0,0.0,0.0,2.1,3.3,7.6,11.8,384.02
116,8,10,2007,-9,0,436.7,1.4,0.0,0.0,1.4,0.0,0.0,0.0,-9.9,1.9,1.7,88,0.0,0.0,100,1.9,1.7,88,8.4,1.5,-9,-9,-9,0,-9,0.0,0.0,0,-9.0,0.0,0.0,0.0,100,18.7,10.711,76.5,8.193,40.963,99,4.67,0.0,0.0,436.7,436.7,1.5,436.7,750.0,450.0,360.2,244.2,221.5,150.0,0.0,0.0,0.0,0.0,0.0,1.5,0.0,0.0,0,-9.9,-9.0,16.7,30.0,30.0,30.0,30.0,30.0,30.0,30.0,30.0,30.0,30.0,30.0,0.0,0.0,0.0,0.0,0.0,0.0,0.0,0.0,0.0,0.0,0.0,0.0,1.4,1.8,5.3,10.4,15.5,384.02
117,9,10,2007,-9,0,436.2,0.0,0.0,0.0,0.0,0.0,0.0,0.0,-9.9,1.0,0.5,52,0.0,0.0,100,1.0,0.5,52,10.6,1.5,-9,-9,-9,0,-9,0.0,0.0,0,-9.0,0.0,0.0,0.0,100,18.7,10.711,76.5,8.193,40.963,99,4.67,0.0,0.0,436.2,436.2,1.5,436.2,750.0,450.0,360.2,237.4,221.5,150.0,0.0,0.0,0.0,0.0,0.0,1.5,0.0,0.0,0,-9.9,-9.0,16.2,30.0,30.0,30.0,30.0,30.0,30.0,30.0,30.0,30.0,30.0,30.0,0.0,0.0,0.0,0.0,0.0,0.0,0.0,0.0,0.0,0.0,0.0,0.0,0.0,0.9,10.2,12.6,15.1,384.02
118,10,10,2007,-9,0,435.6,0.0,0.0,0.0,0.0,0.0,0.0,0.0,-9.9,1.2,0.6,48,0.0,0.0,100,1.2,0.6,48,11.6,1.5,-9,-9,-9,0,-9,0.0,0.0,0,-9.0,0.0,0.0,0.0,100,18.7,10.711,76.5,8.193,40.963,99,4.67,0.0,0.0,435.6,435.6,1.5,435.6,750.0,450.0,360.2,239.2,221.5,150.0,0.0,0.0,0.0,0.0,0.0,1.5,0.0,0.0,0,-9.9,-9.0,15.6,30.0,30.0,30.0,30.0,30.0,30.0,30.0,30.0,30.0,30.0,30.0,0.0,0.0,0.0,0.0,0.0,0.0,0.0,0.0,0.0,0.0,0.0,0.0,0.0,1.1,10.9,13.6,16.4,384.02
119,11,10,2007,-9,0,480.3,53.8,0.0,0.0,45.5,8.3,0.0,0.0,-9.9,0.9,0.9,100,0.0,0.0,100,0.9,0.9,100,12.0,1.5,-9,-9,-9,0,-9,0.0,0.0,0,-9.0,0.0,0.0,0.0,100,18.7,10.711,76.5,8.193,40.963,99,4.67,0.0,0.0,480.3,480.3,1.5,480.3,750.0,450.0,360.2,236.5,221.5,150.0,0.0,0.0,0.0,0.0,0.0,1.5,0.0,0.0,0,-9.9,-9.0,49.1,41.1,30.0,30.0,30.0,30.0,30.0,30.0,30.0,30.0,30.0,30.0,0.0,0.0,0.0,0.0,0.0,0.0,0.0,0.0,0.0,0.0,0.0,0.0,53.8,0.8,10.9,14.0,17.1,384.02
120,12,10,2007,-9,0,471.0,0.0,0.0,0.0,0.0,0.0,7.7,0.0,-9.9,1.5,1.5,100,0.0,0.0,100,1.5,1.5,100,5.4,1.5,-9,-9,-9,0,-9,0.0,0.0,0,-9.0,0.0,0.0,0.0,100,18.7,10.711,76.5,8.193,40.963,99,4.67,0.0,0.0,471.0,471.0,1.5,471.0,750.0,450.0,360.2,241.1,221.5,150.0,0.0,0.0,0.0,0.0,0.0,1.5,0.0,0.0,0,-9.9,-9.0,33.1,34.7,33.7,32.3,31.6,31.1,30.9,30.6,30.5,30.4,30.3,30.3,0.0,0.0,0.0,0.0,0.0,0.0,0.0,0.0,0.0,0.0,0.0,0.0,0.0,1.4,3.4,7.4,11.4,384.02
121,13,10,2007,-9,0,459.3,0.2,0.0,0.0,0.2,0.0,10.2,0.0,-9.9,1.8,1.7,93,0.0,0.0,100,1.8,1.7,93,5.1,1.5,-9,-9,-9,0,-9,0.0,0.0,0,-9.0,0.0,0.0,0.0,100,18.7,10.711,76.5,8.193,40.963,99,4.67,0.0,0.0,459.3,459.3,1.5,459.3,750.0,450.0,360.2,243.4,221.5,150.0,0.0,0.0,0.0,0.0,0.0,1.5,0.0,0.0,0,-9.9,-9.0,29.3,31.4,31.2,31.1,31.0,30.8,30.7,30.6,30.5,30.4,30.4,30.3,0.0,0.0,0.0,0.0,0.0,0.0,0.0,0.0,0.0,0.0,0.0,0.0,0.2,1.6,2.6,7.1,11.6,384.02
122,14,10,2007,-9,0,451.5,0.0,0.0,0.0,0.0,0.0,6.1,0.0,-9.9,2.3,1.7,74,0.0,0.0,100,2.3,1.7,74,6.1,1.5,-9,-9,-9,0,-9,0.0,0.0,0,-9.0,0.0,0.0,0.0,100,18.7,10.711,76.5,8.193,40.963,99,4.67,0.0,0.0,451.5,451.5,1.5,451.5,750.0,450.0,360.2,246.6,221.5,150.0,0.0,0.0,0.0,0.0,0.0,1.5,0.0,0.0,0,-9.9,-9.0,27.6,30.4,30.4,30.4,30.3,30.3,30.3,30.3,30.2,30.2,30.2,30.2,0.0,0.0,0.0,0.0,0.0,0.0,0.0,0.0,0.0,0.0,0.0,0.0,0.0,2.1,6.2,8.1,10.0,384.02
123,15,10,2007,-9,0,447.2,0.0,0.0,0.0,0.0,0.0,2.6,0.0,-9.9,2.8,1.7,61,0.0,0.0,100,2.8,1.7,61,7.1,1.5,-9,-9,-9,0,-9,0.0,0.0,0,-9.0,0.0,0.0,0.0,100,18.7,10.711,76.5,8.193,40.963,99,4.67,0.0,0.0,447.2,447.2,1.5,447.2,750.0,450.0,360.2,250.6,221.5,150.0,0.0,0.0,0.0,0.0,0.0,1.5,0.0,0.0,0,-9.9,-9.0,25.9,30.1,30.1,30.1,30.1,30.1,30.1,30.1,30.1,30.1,30.1,30.1,0.0,0.0,0.0,0.0,0.0,0.0,0.0,0.0,0.0,0.0,0.0,0.0,0.0,2.6,6.9,9.1,11.3,384.02
124,16,10,2007,-9,0,445.1,0.0,0.0,0.0,0.0,0.0,0.9,0.0,-9.9,2.3,1.2,52,0.0,0.0,100,2.3,1.2,52,6.9,1.5,-9,-9,-9,0,-9,0.0,0.0,0,-9.0,0.0,0.0,0.0,100,18.7,10.711,76.5,8.193,40.963,99,4.67,0.0,0.0,445.1,445.1,1.5,445.1,750.0,450.0,360.2,246.7,221.5,150.0,0.0,0.0,0.0,0.0,0.0,1.5,0.0,0.0,0,-9.9,-9.0,24.7,30.0,30.0,30.0,30.0,30.0,30.0,30.0,30.0,30.0,30.0,30.0,0.0,0.0,0.0,0.0,0.0,0.0,0.0,0.0,0.0,0.0,0.0,0.0,0.0,2.1,6.2,8.9,11.6,384.02
125,17,10,2007,-9,0,444.2,0.0,0.0,0.0,0.0,0.0,0.3,0.0,-9.9,1.2,0.6,47,0.0,0.0,100,1.2,0.6,47,8.6,1.5,-9,-9,-9,0,-9,0.0,0.0,0,-9.0,0.0,0.0,0.0,100,18.7,10.711,76.5,8.193,40.963,99,4.67,0.0,0.0,444.2,444.2,1.5,444.2,750.0,450.0,360.2,239.2,221.5,150.0,0.0,0.0,0.0,0.0,0.0,1.5,0.0,0.0,0,-9.9,-9.0,24.1,30.0,30.0,30.0,30.0,30.0,30.0,30.0,30.0,30.0,30.0,30.0,0.0,0.0,0.0,0.0,0.0,0.0,0.0,0.0,0.0,0.0,0.0,0.0,0.0,1.1,5.8,10.6,15.3,384.02
126,18,10,2007,-9,0,443.5,0.2,0.0,0.0,0.2,0.0,0.1,0.0,-9.9,0.9,0.9,97,0.0,0.0,100,0.9,0.9,97,9.1,1.5,-9,-9,-9,0,-9,0.0,0.0,0,-9.0,0.0,0.0,0.0,100,18.7,10.711,76.5,8.193,40.963,99,4.67,0.0,0.0,443.5,443.5,1.5,443.5,750.0,450.0,360.2,236.7,221.5,150.0,0.0,0.0,0.0,0.0,0.0,1.5,0.0,0.0,0,-9.9,-9.0,23.4,30.0,30.0,30.0,30.0,30.0,30.0,30.0,30.0,30.0,30.0,30.0,0.0,0.0,0.0,0.0,0.0,0.0,0.0,0.0,0.0,0.0,0.0,0.0,0.2,0.8,5.1,11.1,17.1,384.02
127,19,10,2007,-9,0,469.6,32.4,0.0,0.0,26.7,5.7,0.0,0.0,-9.9,0.6,0.6,100,0.0,0.0,100,0.6,0.6,100,12.5,1.5,-9,-9,-9,0,-9,0.0,0.0,0,-9.0,0.0,0.0,0.0,100,18.7,10.711,76.5,8.193,40.963,99,4.67,0.0,0.0,469.6,469.6,1.5,469.6,750.0,450.0,360.2,234.4,221.5,150.0,0.0,0.0,0.0,0.0,0.0,1.5,0.0,0.0,0,-9.9,-9.0,49.4,30.2,30.0,30.0,30.0,30.0,30.0,30.0,30.0,30.0,30.0,30.0,0.0,0.0,0.0,0.0,0.0,0.0,0.0,0.0,0.0,0.0,0.0,0.0,32.4,0.5,11.7,14.5,17.3,384.02
128,20,10,2007,-9,0,462.5,0.0,0.0,0.0,0.0,0.0,3.9,0.0,-9.9,3.2,3.2,100,0.0,0.0,100,3.2,3.2,100,11.4,1.5,-9,-9,-9,0,-9,0.0,0.0,0,-9.0,0.0,0.0,0.0,100,18.7,10.711,76.5,8.193,40.963,99,4.67,0.0,0.0,462.5,462.5,1.5,462.5,750.0,450.0,360.2,253.7,221.5,150.0,0.0,0.0,0.0,0.0,0.0,1.5,0.0,0.0,0,-9.9,-9.0,31.5,33.9,32.2,31.3,30.8,30.6,30.5,30.3,30.2,30.2,30.2,30.1,0.0,0.0,0.0,0.0,0.0,0.0,0.0,0.0,0.0,0.0,0.0,0.0,0.0,3.0,11.5,13.4,15.3,384.02
129,21,10,2007,-9,0,453.9,0.0,0.0,0.0,0.0,0.0,5.6,0.0,-9.9,3.0,3.0,100,0.0,0.0,100,3.0,3.0,100,12.4,1.5,-9,-9,-9,0,-9,0.0,0.0,0,-9.0,0.0,0.0,0.0,100,18.7,10.711,76.5,8.193,40.963,99,4.67,0.0,0.0,453.9,453.9,1.5,453.9,750.0,450.0,360.2,252.1,221.5,150.0,0.0,0.0,0.0,0.0,0.0,1.5,0.0,0.0,0,-9.9,-9.0,27.4,31.2,30.8,30.7,30.6,30.5,30.4,30.4,30.3,30.3,30.2,30.2,0.0,0.0,0.0,0.0,0.0,0.0,0.0,0.0,0.0,0.0,0.0,0.0,0.0,2.8,11.2,14.4,17.7,384.02
130,22,10,2007,-9,0,448.3,0.0,0.0,0.0,0.0,0.0,3.8,0.0,-9.9,1.8,1.8,100,0.0,0.0,100,1.8,1.8,100,12.4,1.5,-9,-9,-9,0,-9,0.0,0.0,0,-9.0,0.0,0.0,0.0,100,18.7,10.711,76.5,8.193,40.963,99,4.67,0.0,0.0,448.3,448.3,1.5,448.3,750.0,450.0,360.2,243.2,221.5,150.0,0.0,0.0,0.0,0.0,0.0,1.5,0.0,0.0,0,-9.9,-9.0,25.6,30.4,30.3,30.2,30.2,30.2,30.2,30.2,30.2,30.1,30.1,30.1,0.0,0.0,0.0,0.0,0.0,0.0,0.0,0.0,0.0,0.0,0.0,0.0,0.0,1.6,11.7,14.4,17.1,384.02
131,23,10,2007,-9,0,446.5,1.2,0.0,0.0,1.2,0.0,1.7,0.0,-9.9,1.3,1.3,100,0.0,0.0,100,1.3,1.3,100,10.1,1.5,-9,-9,-9,0,-9,0.0,0.0,0,-9.0,0.0,0.0,0.0,100,18.7,10.711,76.5,8.193,40.963,99,4.67,0.0,0.0,446.5,446.5,1.5,446.5,750.0,450.0,360.2,239.6,221.5,150.0,0.0,0.0,0.0,0.0,0.0,1.5,0.0,0.0,0,-9.9,-9.0,25.5,30.1,30.1,30.1,30.1,30.1,30.1,30.1,30.1,30.1,30.1,30.1,0.0,0.0,0.0,0.0,0.0,0.0,0.0,0.0,0.0,0.0,0.0,0.0,1.2,1.2,9.2,12.1,14.9,384.02
132,24,10,2007,-9,0,444.3,0.0,0.0,0.0,0.0,0.0,0.6,0.0,-9.9,1.8,1.6,90,0.0,0.0,100,1.8,1.6,90,5.7,1.5,-9,-9,-9,0,-9,0.0,0.0,0,-9.0,0.0,0.0,0.0,100,18.7,10.711,76.5,8.193,40.963,99,4.67,0.0,0.0,444.3,444.3,1.5,444.3,750.0,450.0,360.2,243.0,221.5,150.0,0.0,0.0,0.0,0.0,0.0,1.5,0.0,0.0,0,-9.9,-9.0,24.0,30.0,30.0,30.0,30.0,30.0,30.0,30.0,30.0,30.0,30.0,30.0,0.0,0.0,0.0,0.0,0.0,0.0,0.0,0.0,0.0,0.0,0.0,0.0,0.0,1.6,3.1,7.7,12.3,384.02
133,25,10,2007,-9,0,442.8,0.0,0.0,0.0,0.0,0.0,0.2,0.0,-9.9,1.7,1.3,75,0.0,0.0,100,1.7,1.3,75,6.0,1.5,-9,-9,-9,0,-9,0.0,0.0,0,-9.0,0.0,0.0,0.0,100,18.7,10.711,76.5,8.193,40.963,99,4.67,0.0,0.0,442.8,442.8,1.5,442.8,750.0,450.0,360.2,242.4,221.5,150.0,0.0,0.0,0.0,0.0,0.0,1.5,0.0,0.0,0,-9.9,-9.0,22.7,30.0,30.0,30.0,30.0,30.0,30.0,30.0,30.0,30.0,30.0,30.0,0.0,0.0,0.0,0.0,0.0,0.0,0.0,0.0,0.0,0.0,0.0,0.0,0.0,1.5,1.9,8.0,14.2,384.02
134,26,10,2007,-9,0,446.7,5.6,0.0,0.0,5.6,0.0,0.1,0.0,-9.9,1.6,1.6,100,0.0,0.0,100,1.6,1.6,100,7.8,1.5,-9,-9,-9,0,-9,0.0,0.0,0,-9.0,0.0,0.0,0.0,100,18.7,10.711,76.5,8.193,40.963,99,4.67,0.0,0.0,446.7,446.7,1.5,446.7,750.0,450.0,360.2,241.8,221.5,150.0,0.0,0.0,0.0,0.0,0.0,1.5,0.0,0.0,0,-9.9,-9.0,26.7,30.0,30.0,30.0,30.0,30.0,30.0,30.0,30.0,30.0,30.0,30.0,0.0,0.0,0.0,0.0,0.0,0.0,0.0,0.0,0.0,0.0,0.0,0.0,5.6,1.5,3.5,9.8,16.0,384.02
135,27,10,2007,-9,0,445.1,0.4,0.0,0.0,0.4,0.0,0.0,0.0,-9.9,2.2,2.0,91,0.0,0.0,100,2.2,2.0,91,7.6,1.5,-9,-9,-9,0,-9,0.0,0.0,0,-9.0,0.0,0.0,0.0,100,18.7,10.711,76.5,8.193,40.963,99,4.67,0.0,0.0,445.1,445.1,1.5,445.1,750.0,450.0,360.2,246.5,221.5,150.0,0.0,0.0,0.0,0.0,0.0,1.5,0.0,0.0,0,-9.9,-9.0,25.0,30.0,30.0,30.0,30.0,30.0,30.0,30.0,30.0,30.0,30.0,30.0,0.0,0.0,0.0,0.0,0.0,0.0,0.0,0.0,0.0,0.0,0.0,0.0,0.4,2.0,4.3,9.6,14.8,384.02
136,28,10,2007,-9,0,443.0,0.0,0.0,0.0,0.0,0.0,0.0,0.0,-9.9,2.8,2.0,72,0.0,0.0,100,2.8,2.0,72,2.2,1.5,-9,-9,-9,0,-9,0.0,0.0,0,-9.0,0.0,0.0,0.0,100,18.7,10.711,76.5,8.193,40.963,99,4.67,0.0,0.0,443.0,443.0,1.5,443.0,750.0,450.0,360.2,250.8,221.5,150.0,0.0,0.0,0.0,0.0,0.0,1.5,0.0,0.0,0,-9.9,-9.0,23.0,30.0,30.0,30.0,30.0,30.0,30.0,30.0,30.0,30.0,30.0,30.0,0.0,0.0,0.0,0.0,0.0,0.0,0.0,0.0,0.0,0.0,0.0,0.0,0.0,2.6,2.1,4.2,6.2,384.02
137,29,10,2007,-9,0,441.3,0.2,0.0,0.0,0.2,0.0,0.0,0.0,-9.9,2.1,1.9,91,0.0,0.0,100,2.1,1.9,91,2.7,1.5,-9,-9,-9,0,-9,0.0,0.0,0,-9.0,0.0,0.0,0.0,100,18.7,10.711,76.5,8.193,40.963,99,4.67,0.0,0.0,441.3,441.3,1.5,441.3,750.0,450.0,360.2,245.2,221.5,150.0,0.0,0.0,0.0,0.0,0.0,1.5,0.0,0.0,0,-9.9,-9.0,21.3,30.0,30.0,30.0,30.0,30.0,30.0,30.0,30.0,30.0,30.0,30.0,0.0,0.0,0.0,0.0,0.0,0.0,0.0,0.0,0.0,0.0,0.0,0.0,0.2,1.9,-1.4,4.7,10.8,384.02
138,30,10,2007,-9,0,440.1,0.0,0.0,0.0,0.0,0.0,0.0,0.0,-9.9,1.7,1.3,74,0.0,0.0,100,1.7,1.3,74,3.5,1.5,-9,-9,-9,0,-9,0.0,0.0,0,-9.0,0.0,0.0,0.0,100,18.7,10.711,76.5,8.193,40.963,99,4.67,0.0,0.0,440.1,440.1,1.5,440.1,750.0,450.0,360.2,242.5,221.5,150.0,0.0,0.0,0.0,0.0,0.0,1.5,0.0,0.0,0,-9.9,-9.0,20.1,30.0,30.0,30.0,30.0,30.0,30.0,30.0,30.0,30.0,30.0,30.0,0.0,0.0,0.0,0.0,0.0,0.0,0.0,0.0,0.0,0.0,0.0,0.0,0.0,1.5,-0.9,5.5,11.8,384.02
